order_id,product_id,quantity
5e75b8f4-e03e-462f-8a91-027bfaf3e8b4,c7050c3b-a898-424d-8d98-ab0aaad7bef4,3
c615ea16-2b87-471c-a40e-f1a1b81df308,e18f33a6-b89a-4fbc-82ad-ccba5bb261cc,2
1747e0c2-2649-4b8b-8048-540425302a8f,80eda933-749d-4fc6-91d5-613d29eb126f,2
44f19d9b-6f8d-4c04-8c1e-ee05a171a48a,689fb64e-a4a2-45c5-b9f2-480c2155624d,4
906ac891-d7a7-4d50-b4c6-c982fae2fc2d,e18f33a6-b89a-4fbc-82ad-ccba5bb261cc,4
885ebd5d-6a82-4802-a241-2e52e223df5a,64d39754-03e4-4fa0-b1ea-5f4293315f67,2
05202733-0e17-4726-97c2-0520c024ab85,689fb64e-a4a2-45c5-b9f2-480c2155624d,4
97c51e08-8026-44cb-af4b-15f8011e4931,bb19d194-e1bd-4358-819e-cd1f1b401c0c,4
44f19d9b-6f8d-4c04-8c1e-ee05a171a48a,b66a7143-c18a-43bb-b5dc-06bb5d1d3160,2
55288bb6-9a28-483f-a005-ceef70079c72,615695d3-8ffd-4850-bcf7-944cf6d3685b,1
6abeb560-cfb9-4726-8d7d-612f3cd3763e,4cda01b9-62e2-46c5-830f-b7f262a58fb1,3
22767af6-bb3e-4d35-b11c-05c12aa38138,4cda01b9-62e2-46c5-830f-b7f262a58fb1,4
e42ba9a9-986a-4f00-8dd2-5cf8462c74ea,843b6553-dc6a-4fc4-bceb-02cd39af0168,2
906ac891-d7a7-4d50-b4c6-c982fae2fc2d,5ceddd13-cf00-481f-9285-8340ab95d06d,4
4187e4d5-0629-4725-8ff5-1e88bf584dc2,37e0062f-bd15-4c3e-b272-558a86d90598,3
fafde59f-fc4a-4d5f-865e-ff13c8ab6d06,e8b6528e-a830-4d03-a027-473b411c7f02,4
3321aeb4-f209-48bf-ba63-84f3a14eaa50,689fb64e-a4a2-45c5-b9f2-480c2155624d,4
c49ed1e6-c56b-4681-bef8-cf8d99404832,843b6553-dc6a-4fc4-bceb-02cd39af0168,4
224b19e0-eaef-4749-8ca7-72e9d99e07e8,e706ab70-b396-4d30-a6b2-a1ccf3625b52,2
e2510e94-b61f-4d8f-bf5f-7c13f609f272,6f3a3072-a24d-4d11-9cef-25b0b5f8a4af,3
0db4263a-5b43-488c-b9d8-9592c9f4d549,37e0062f-bd15-4c3e-b272-558a86d90598,4
0b43de27-5e08-4c20-a21d-44e786835265,c7050c3b-a898-424d-8d98-ab0aaad7bef4,3
e2c5c29c-2e3c-4e56-9db0-98f13c20b59d,55c6a062-5f4a-4a8b-a8e5-05ea5e6715a3,2
497e5ef8-5bf6-424c-9d05-f5a467c2d23a,b66a7143-c18a-43bb-b5dc-06bb5d1d3160,1
871d9861-ea19-47a1-950d-c3198128acef,b86ae24b-6f59-47e8-8adc-b17d88cbd367,1
191f7ddb-6fac-4ced-905c-307b6b8a1f29,689fb64e-a4a2-45c5-b9f2-480c2155624d,3
6b2a45d9-fe4f-4b4d-896d-54c08a71a80f,fb0e8be7-5ac4-4a76-a1fa-2cc4bf0b2d80,2
175d8fb5-2c45-45b5-9fe3-7b3987d05b2d,fb0e8be7-5ac4-4a76-a1fa-2cc4bf0b2d80,1
3ca15482-7645-4af2-bb53-7a853432a492,a88a23ef-679c-4743-b151-dc7722040d8c,4
da8cbe31-46f8-4b5c-806a-11ba9c40df9a,e18f33a6-b89a-4fbc-82ad-ccba5bb261cc,2
44f19d9b-6f8d-4c04-8c1e-ee05a171a48a,fb0e8be7-5ac4-4a76-a1fa-2cc4bf0b2d80,4
8329a65b-7ddf-4250-aeee-bd625f8a401a,fb0e8be7-5ac4-4a76-a1fa-2cc4bf0b2d80,4
e2b27601-37f6-413d-9377-ed9a3a8a5ac8,5b50b820-1d0a-4231-9422-75e7f6b0cecf,1
727e8c88-6cf8-497a-ae3c-3a781c5b70c3,5ceddd13-cf00-481f-9285-8340ab95d06d,4
8899a38e-2c99-46ea-adb4-526c3a1fac38,e2e78dfc-f25c-4fec-a002-8e280d61a2f2,2
3fb5a1fd-bf02-4ca0-bb26-4ff4c4a4af74,6f3a3072-a24d-4d11-9cef-25b0b5f8a4af,4
f684e5fd-154c-4b52-9b35-1ccc7e74190f,55c6a062-5f4a-4a8b-a8e5-05ea5e6715a3,4
19f1c3c5-3840-4d33-8d88-30fad93fa25e,55c6a062-5f4a-4a8b-a8e5-05ea5e6715a3,1
ac999da3-2fbb-40e8-94cc-30d61d765b07,bb19d194-e1bd-4358-819e-cd1f1b401c0c,1
a484481e-ee94-486a-ab20-50c70f8c6674,d3e228db-8ca5-42ad-bb0a-2148e876cc59,3
7023672d-7f59-4b86-be86-4d4621ad06ae,4cda01b9-62e2-46c5-830f-b7f262a58fb1,4
0669a520-9c7e-424d-a279-ee96f6f25aec,843b6553-dc6a-4fc4-bceb-02cd39af0168,3
f684e5fd-154c-4b52-9b35-1ccc7e74190f,58b575f2-2192-4a53-9d21-df9a0c14fc25,4
8899a38e-2c99-46ea-adb4-526c3a1fac38,c17e63f7-0d28-4a95-8248-b01ea354840e,1
4a67cffa-e7bc-4d30-bc97-f2c9a71334d1,bb19d194-e1bd-4358-819e-cd1f1b401c0c,2
29d20dcd-d0c4-4bca-a52d-fc9363b5d7c6,e5ee99b6-519f-4218-8b41-62f48f59f700,3
f6eed630-9b01-4f64-81eb-f13be001f2b6,74aeb414-e3dd-4e8a-beef-0fa45225214d,3
63505de8-b2e8-4588-8f0d-b1121bfb75f8,bb19d194-e1bd-4358-819e-cd1f1b401c0c,3
2795df92-ee7d-4992-bab2-15dbb2b2ab36,64d39754-03e4-4fa0-b1ea-5f4293315f67,4
80768346-2426-4f4a-a8ba-4f7768139f94,e2e78dfc-f25c-4fec-a002-8e280d61a2f2,4
3fb5a1fd-bf02-4ca0-bb26-4ff4c4a4af74,74aeb414-e3dd-4e8a-beef-0fa45225214d,2
db90b250-70b2-44d1-b20c-4d795edd020c,bb19d194-e1bd-4358-819e-cd1f1b401c0c,4
92d3887f-6f9e-4e3f-85a8-3da52d46cd45,05df0866-1a66-41d8-9ed7-e2bbcddd6a3d,4
4d84f125-234d-4f3c-a54d-41172b453510,64d39754-03e4-4fa0-b1ea-5f4293315f67,3
a3bc2320-2520-43fc-8a33-7d126e06e324,689fb64e-a4a2-45c5-b9f2-480c2155624d,1
53aa67bb-9718-44bf-8b08-dc5e853a7166,689fb64e-a4a2-45c5-b9f2-480c2155624d,1
4fe7882d-a063-4afc-95c5-a80430305a22,e706ab70-b396-4d30-a6b2-a1ccf3625b52,1
2bfad5b6-b4ad-47e2-a316-8b7dc7fbc246,843b6553-dc6a-4fc4-bceb-02cd39af0168,3
1eb77dda-3387-4242-ba28-0b371ea785cf,80eda933-749d-4fc6-91d5-613d29eb126f,3
cc2bd924-fb17-408c-93b5-cc01cf8e9ef0,74aeb414-e3dd-4e8a-beef-0fa45225214d,4
40f5d51c-0a3c-481a-96e8-0784818e082d,d3e228db-8ca5-42ad-bb0a-2148e876cc59,1
8899a38e-2c99-46ea-adb4-526c3a1fac38,bb19d194-e1bd-4358-819e-cd1f1b401c0c,3
f684e5fd-154c-4b52-9b35-1ccc7e74190f,80eda933-749d-4fc6-91d5-613d29eb126f,2
b3bbc1b2-11bf-4a7f-8424-8c6fb14d753b,689fb64e-a4a2-45c5-b9f2-480c2155624d,3
23a3e7b2-abb0-4642-9291-4af619ae2d3c,579f4cd0-1f45-49d2-af55-9ab2b72c3b35,4
71eb1669-8706-4ef4-8a4c-0def78871dc4,37e0062f-bd15-4c3e-b272-558a86d90598,3
8502b2de-ada6-4a20-8625-092835744bd8,e5ee99b6-519f-4218-8b41-62f48f59f700,2
eb047506-bf59-4d29-b134-6a9d80235f3f,e706ab70-b396-4d30-a6b2-a1ccf3625b52,1
ec9be902-7557-431c-824d-5c157c191697,be49171b-9f72-4fc9-bf7a-9a52e259836b,1
912c0b79-532d-4710-bf23-0f9e227b5864,6f3a3072-a24d-4d11-9cef-25b0b5f8a4af,3
e9891ca7-3306-4f75-93fd-c04b976f9641,5b50b820-1d0a-4231-9422-75e7f6b0cecf,1
c36d3573-1c28-4240-8c17-c874a80cca6c,579f4cd0-1f45-49d2-af55-9ab2b72c3b35,1
459c78e2-335c-47c9-9c9e-cf4d11a3e1fe,be49171b-9f72-4fc9-bf7a-9a52e259836b,1
0ac61965-6392-4fe3-bb4f-292438c37de0,e18f33a6-b89a-4fbc-82ad-ccba5bb261cc,3
ef4b32fb-3859-441a-a4cc-1ca197f78aeb,5b50b820-1d0a-4231-9422-75e7f6b0cecf,2
f61a095b-7537-4869-aeff-1433277fa898,843b6553-dc6a-4fc4-bceb-02cd39af0168,1
431ed9a0-8475-4928-a7b2-81db3f1a2dea,e2e78dfc-f25c-4fec-a002-8e280d61a2f2,2
92d3887f-6f9e-4e3f-85a8-3da52d46cd45,64d39754-03e4-4fa0-b1ea-5f4293315f67,1
74bae4ca-0322-4e54-ac94-ba84bc63657e,35550082-a52d-4301-8f06-05b30f6f3616,1
1fa7bc74-ee64-4aa8-8df3-f8066532eb9c,b86ae24b-6f59-47e8-8adc-b17d88cbd367,1
88971e55-2d81-493c-bd7f-2e1efc4c0153,b66a7143-c18a-43bb-b5dc-06bb5d1d3160,2
f5e96989-b540-486f-bb13-1f4297c194bd,fb0e8be7-5ac4-4a76-a1fa-2cc4bf0b2d80,4
3dd8be7e-c2c0-4141-953f-1ce79cff87b8,37e0062f-bd15-4c3e-b272-558a86d90598,3
5f994f7e-2e13-4720-99ed-cfbdcdfd6e2a,35550082-a52d-4301-8f06-05b30f6f3616,3
f1236409-b5f6-4e40-961c-797b850e225b,4cda01b9-62e2-46c5-830f-b7f262a58fb1,1
47254e22-09a8-4661-b2db-1a7e8d80b746,b66a7143-c18a-43bb-b5dc-06bb5d1d3160,3
d29fbe48-4cb7-46ef-b3ea-67a28a0cd8c0,b86ae24b-6f59-47e8-8adc-b17d88cbd367,2
03232fbc-033a-4ba9-b0d7-195b987682ef,e8b6528e-a830-4d03-a027-473b411c7f02,4
7023672d-7f59-4b86-be86-4d4621ad06ae,35550082-a52d-4301-8f06-05b30f6f3616,4
3af487e1-401f-4269-a6a8-afd4d88c780c,e2e78dfc-f25c-4fec-a002-8e280d61a2f2,1
973443f0-e2ff-472c-8469-f452d0beeeda,64d39754-03e4-4fa0-b1ea-5f4293315f67,4
d7454480-4fa0-416d-b904-aebdbcdd378c,6f3a3072-a24d-4d11-9cef-25b0b5f8a4af,2
40f5d51c-0a3c-481a-96e8-0784818e082d,e18f33a6-b89a-4fbc-82ad-ccba5bb261cc,1
d99f88df-891d-4dc9-8750-aa77271a72d4,e5ee99b6-519f-4218-8b41-62f48f59f700,2
df91aa85-bfc7-4c31-93ef-4cee8d00a343,5b50b820-1d0a-4231-9422-75e7f6b0cecf,4
e85b50e8-357e-45ff-8b8d-1890b9b7d0f0,74aeb414-e3dd-4e8a-beef-0fa45225214d,4
12d71a1a-3762-4e17-a508-6e11b5629852,bb19d194-e1bd-4358-819e-cd1f1b401c0c,3
58d89e41-48a4-49a5-944e-28b4e349288d,e8b6528e-a830-4d03-a027-473b411c7f02,2
29feab11-0894-43f4-bb2b-502453a49f23,a88a23ef-679c-4743-b151-dc7722040d8c,3
2ebd594f-3b44-4b66-87f0-5b2c321086d1,5b50b820-1d0a-4231-9422-75e7f6b0cecf,2
b6d916e6-da31-4145-9edd-8fc76677b55b,c17e63f7-0d28-4a95-8248-b01ea354840e,2
f6eed630-9b01-4f64-81eb-f13be001f2b6,fb0e8be7-5ac4-4a76-a1fa-2cc4bf0b2d80,4
34d36019-85bf-4260-9b15-1ed4d4ae3ada,be49171b-9f72-4fc9-bf7a-9a52e259836b,4
8329a65b-7ddf-4250-aeee-bd625f8a401a,74aeb414-e3dd-4e8a-beef-0fa45225214d,2
f1236409-b5f6-4e40-961c-797b850e225b,37e0062f-bd15-4c3e-b272-558a86d90598,3
2e40bfc1-f035-4617-a12b-da047e4578c3,c17e63f7-0d28-4a95-8248-b01ea354840e,2
f6b6807a-864d-4fed-b22d-3f2638f21b74,74aeb414-e3dd-4e8a-beef-0fa45225214d,2
63505de8-b2e8-4588-8f0d-b1121bfb75f8,c7050c3b-a898-424d-8d98-ab0aaad7bef4,3
3944bd76-a630-4f50-9f41-b4e985b520ca,37e0062f-bd15-4c3e-b272-558a86d90598,1
5b3044cb-20cd-4a2c-9226-c3d24d488557,e706ab70-b396-4d30-a6b2-a1ccf3625b52,4
38c516e8-b23a-493a-8a5c-bf7b2b9ea995,a88a23ef-679c-4743-b151-dc7722040d8c,1
e60286de-ae1c-4427-8b3c-3f019e93ac7a,35550082-a52d-4301-8f06-05b30f6f3616,4
e2510e94-b61f-4d8f-bf5f-7c13f609f272,80eda933-749d-4fc6-91d5-613d29eb126f,4
aab22458-eebe-4f90-b563-d1eda139e78d,58b575f2-2192-4a53-9d21-df9a0c14fc25,1
5b8caca4-14fb-4813-b0bc-b768c8217a19,615695d3-8ffd-4850-bcf7-944cf6d3685b,3
fe1144d9-15c7-4d10-a533-fee0c06b0bcb,6f3a3072-a24d-4d11-9cef-25b0b5f8a4af,4
1e5fa971-3c0e-4ae8-b5bb-63d6176b82b2,b86ae24b-6f59-47e8-8adc-b17d88cbd367,2
74bae4ca-0322-4e54-ac94-ba84bc63657e,e706ab70-b396-4d30-a6b2-a1ccf3625b52,4
a5db4fd7-bc7c-47d6-a162-e613d905ec82,37e0062f-bd15-4c3e-b272-558a86d90598,4
a11ec73d-efcb-4918-be37-fa6f812d22de,e18f33a6-b89a-4fbc-82ad-ccba5bb261cc,3
74bae4ca-0322-4e54-ac94-ba84bc63657e,e8b6528e-a830-4d03-a027-473b411c7f02,3
0976f5e0-829b-4111-9ae8-3c444a1b26eb,be49171b-9f72-4fc9-bf7a-9a52e259836b,2
a11ec73d-efcb-4918-be37-fa6f812d22de,579f4cd0-1f45-49d2-af55-9ab2b72c3b35,3
08f64f64-8cd5-491a-a5a9-80ffd3321fc9,bb19d194-e1bd-4358-819e-cd1f1b401c0c,3
4a67cffa-e7bc-4d30-bc97-f2c9a71334d1,64d39754-03e4-4fa0-b1ea-5f4293315f67,1
0ecabdf2-fe92-4d66-ad87-6e693748d682,c7050c3b-a898-424d-8d98-ab0aaad7bef4,3
ac999da3-2fbb-40e8-94cc-30d61d765b07,e706ab70-b396-4d30-a6b2-a1ccf3625b52,4
2affb750-b1d9-4b84-b612-8381435bc669,55c6a062-5f4a-4a8b-a8e5-05ea5e6715a3,4
6b2a45d9-fe4f-4b4d-896d-54c08a71a80f,843b6553-dc6a-4fc4-bceb-02cd39af0168,2
c57a3e41-2e01-4529-a904-054657859dd7,80eda933-749d-4fc6-91d5-613d29eb126f,2
cad92df1-0b1a-4827-a1fc-f20cece591dd,5ceddd13-cf00-481f-9285-8340ab95d06d,2
5b8caca4-14fb-4813-b0bc-b768c8217a19,5b50b820-1d0a-4231-9422-75e7f6b0cecf,3
d9cc0f2f-0be3-4cfc-bec0-fd97eb7977d6,615695d3-8ffd-4850-bcf7-944cf6d3685b,4
bb219a8e-f747-4cc5-ac19-9f505baed9ff,e706ab70-b396-4d30-a6b2-a1ccf3625b52,3
e86dab74-f840-482c-b833-0e60b4e58a27,5ceddd13-cf00-481f-9285-8340ab95d06d,1
c98cb399-9f31-47e9-8394-80b6962cbdae,80eda933-749d-4fc6-91d5-613d29eb126f,2
2fafb5c6-5200-4d9a-af6b-b6517667a1ea,bb19d194-e1bd-4358-819e-cd1f1b401c0c,2
c615ea16-2b87-471c-a40e-f1a1b81df308,843b6553-dc6a-4fc4-bceb-02cd39af0168,1
81617893-be66-4c1e-b73e-a71ece089732,c7050c3b-a898-424d-8d98-ab0aaad7bef4,4
56d043f8-afaf-4a6e-a4d3-8fbd01d8858b,be49171b-9f72-4fc9-bf7a-9a52e259836b,2
12a416f6-08d4-4db5-953e-d683ca9081f6,b66a7143-c18a-43bb-b5dc-06bb5d1d3160,3
2fafb5c6-5200-4d9a-af6b-b6517667a1ea,74aeb414-e3dd-4e8a-beef-0fa45225214d,1
0f7d97e4-6093-489d-b338-e98397482ff3,55c6a062-5f4a-4a8b-a8e5-05ea5e6715a3,4
fa41614e-38dc-4cfb-ade8-4ffb9d1fed72,58b575f2-2192-4a53-9d21-df9a0c14fc25,2
bd1b29ee-5f35-4a9f-94a5-9faaae412e12,80eda933-749d-4fc6-91d5-613d29eb126f,4
1829f967-79c8-4998-ba9f-9d381728cedd,e706ab70-b396-4d30-a6b2-a1ccf3625b52,3
671aa103-6918-4d9a-89f6-3bd3861f4a9b,bb19d194-e1bd-4358-819e-cd1f1b401c0c,3
35b4cbc7-b92f-400f-b292-8494dbb23567,bb19d194-e1bd-4358-819e-cd1f1b401c0c,1
bbb8264e-cb71-4967-8033-60d7a52ad2fc,5ceddd13-cf00-481f-9285-8340ab95d06d,2
0976f5e0-829b-4111-9ae8-3c444a1b26eb,689fb64e-a4a2-45c5-b9f2-480c2155624d,1
912c0b79-532d-4710-bf23-0f9e227b5864,c7050c3b-a898-424d-8d98-ab0aaad7bef4,2
b047e850-a4f1-4227-94b6-2222d2ff87c2,58b575f2-2192-4a53-9d21-df9a0c14fc25,1
9e4f5468-05ff-4dd3-af20-fcd8c4730ab5,5b50b820-1d0a-4231-9422-75e7f6b0cecf,1
40f5d51c-0a3c-481a-96e8-0784818e082d,b86ae24b-6f59-47e8-8adc-b17d88cbd367,2
da8cbe31-46f8-4b5c-806a-11ba9c40df9a,579f4cd0-1f45-49d2-af55-9ab2b72c3b35,3
b249a133-9d0d-4897-9ee3-0226e76914dc,c7050c3b-a898-424d-8d98-ab0aaad7bef4,4
8385cfcd-2b3f-443a-a676-9756f7eb5404,58b575f2-2192-4a53-9d21-df9a0c14fc25,2
86302f5c-4879-4056-8c99-b3721e83829d,55c6a062-5f4a-4a8b-a8e5-05ea5e6715a3,1
73bfa842-99f9-4181-883f-08b7795cb167,be49171b-9f72-4fc9-bf7a-9a52e259836b,3
b047e850-a4f1-4227-94b6-2222d2ff87c2,579f4cd0-1f45-49d2-af55-9ab2b72c3b35,3
e4926154-3efe-4c30-860a-5cbb7f97490b,74aeb414-e3dd-4e8a-beef-0fa45225214d,2
867b34a7-c143-45ec-81db-705506a9578b,a88a23ef-679c-4743-b151-dc7722040d8c,2
e60286de-ae1c-4427-8b3c-3f019e93ac7a,5b50b820-1d0a-4231-9422-75e7f6b0cecf,2
7f999c60-f004-4b75-8851-72498dfa47fc,e18f33a6-b89a-4fbc-82ad-ccba5bb261cc,2
e77a9f5e-a3d7-4eed-ba0b-50893cb38f00,74aeb414-e3dd-4e8a-beef-0fa45225214d,4
fd804ab1-fa33-49b5-97a4-5c29d28a5101,64d39754-03e4-4fa0-b1ea-5f4293315f67,4
09431ff6-b550-4301-8d46-fde372e87af9,843b6553-dc6a-4fc4-bceb-02cd39af0168,3
7023672d-7f59-4b86-be86-4d4621ad06ae,b66a7143-c18a-43bb-b5dc-06bb5d1d3160,4
778f8864-d993-4118-b7d6-1ea836ec6791,55c6a062-5f4a-4a8b-a8e5-05ea5e6715a3,3
fa41614e-38dc-4cfb-ade8-4ffb9d1fed72,05df0866-1a66-41d8-9ed7-e2bbcddd6a3d,2
a132ed5c-7140-41f5-8eb1-992b7aeae11b,5b50b820-1d0a-4231-9422-75e7f6b0cecf,4
5dbde056-632e-484a-a30b-67665cec51ee,e5ee99b6-519f-4218-8b41-62f48f59f700,1
e2b27601-37f6-413d-9377-ed9a3a8a5ac8,c17e63f7-0d28-4a95-8248-b01ea354840e,1
4fe7882d-a063-4afc-95c5-a80430305a22,c7050c3b-a898-424d-8d98-ab0aaad7bef4,3
35b4cbc7-b92f-400f-b292-8494dbb23567,fb0e8be7-5ac4-4a76-a1fa-2cc4bf0b2d80,1
dc3c0681-9e42-4041-a2eb-576324037da3,be49171b-9f72-4fc9-bf7a-9a52e259836b,1
e2281b91-8575-4da9-9a3a-ab0f19ec584e,615695d3-8ffd-4850-bcf7-944cf6d3685b,2
7023672d-7f59-4b86-be86-4d4621ad06ae,689fb64e-a4a2-45c5-b9f2-480c2155624d,1
82e2a7d2-d8c2-4b37-9f18-bba82f31c5b2,5b50b820-1d0a-4231-9422-75e7f6b0cecf,2
349b5ed3-cac3-401f-aef3-290bc0b8d5d7,b66a7143-c18a-43bb-b5dc-06bb5d1d3160,1
a484481e-ee94-486a-ab20-50c70f8c6674,689fb64e-a4a2-45c5-b9f2-480c2155624d,2
bd760d86-5051-4418-86cc-d97e4deac8af,05df0866-1a66-41d8-9ed7-e2bbcddd6a3d,4
45319e78-6d23-4728-a135-75dbda6bde49,e5ee99b6-519f-4218-8b41-62f48f59f700,1
a96878e4-9618-4f85-8fe0-6e2e938e0b24,bb19d194-e1bd-4358-819e-cd1f1b401c0c,2
3dd8be7e-c2c0-4141-953f-1ce79cff87b8,80eda933-749d-4fc6-91d5-613d29eb126f,2
cec02b6d-c997-4cad-8ab8-141c7a30aaf0,fb0e8be7-5ac4-4a76-a1fa-2cc4bf0b2d80,4
859841a2-a2fa-4d7b-a749-8cd37b31b1ed,37e0062f-bd15-4c3e-b272-558a86d90598,4
cb9cd4d2-3bce-4173-8303-62e581e91ac7,05df0866-1a66-41d8-9ed7-e2bbcddd6a3d,4
0b0d8f13-ca94-4686-b3d3-68ae3aa4bad3,843b6553-dc6a-4fc4-bceb-02cd39af0168,4
e3965ae6-8792-422f-bae0-ecbce4da50aa,615695d3-8ffd-4850-bcf7-944cf6d3685b,1
667f2f4e-4262-425d-bf66-9b600af692a6,64d39754-03e4-4fa0-b1ea-5f4293315f67,2
6f89159f-8046-4bae-a680-34ca13c9d4fa,fb0e8be7-5ac4-4a76-a1fa-2cc4bf0b2d80,3
937b130d-c75f-47c6-913f-ca7717e82dae,05df0866-1a66-41d8-9ed7-e2bbcddd6a3d,2
19644506-d739-4f1b-baf7-3ecc8833c329,e2e78dfc-f25c-4fec-a002-8e280d61a2f2,2
55164b42-78d3-4c4e-9dd3-cce61b956403,615695d3-8ffd-4850-bcf7-944cf6d3685b,3
b15964ec-1e59-4258-9ecb-bcaac33cd071,be49171b-9f72-4fc9-bf7a-9a52e259836b,4
ffd7d39a-e3b5-43dc-97b7-f6f5443ae314,4cda01b9-62e2-46c5-830f-b7f262a58fb1,3
8298fb27-518c-4b2c-9fd8-391737ceb777,55c6a062-5f4a-4a8b-a8e5-05ea5e6715a3,2
fe1144d9-15c7-4d10-a533-fee0c06b0bcb,c17e63f7-0d28-4a95-8248-b01ea354840e,1
99127f5a-b3a4-440e-87c1-c78861ac2ca8,bb19d194-e1bd-4358-819e-cd1f1b401c0c,2
180dc7bb-b42a-4aa6-b52a-9fe5864e3190,b66a7143-c18a-43bb-b5dc-06bb5d1d3160,2
f5df9a3a-9a21-4648-a03f-bdaf633969e4,74aeb414-e3dd-4e8a-beef-0fa45225214d,4
5dbde056-632e-484a-a30b-67665cec51ee,e2e78dfc-f25c-4fec-a002-8e280d61a2f2,4
973443f0-e2ff-472c-8469-f452d0beeeda,b66a7143-c18a-43bb-b5dc-06bb5d1d3160,3
3ca15482-7645-4af2-bb53-7a853432a492,64d39754-03e4-4fa0-b1ea-5f4293315f67,4
333db7e3-aba5-4988-b61f-ced40037b5c8,e706ab70-b396-4d30-a6b2-a1ccf3625b52,1
10408b83-26cc-4eb8-bd08-38435207099e,55c6a062-5f4a-4a8b-a8e5-05ea5e6715a3,4
81617893-be66-4c1e-b73e-a71ece089732,64d39754-03e4-4fa0-b1ea-5f4293315f67,2
45319e78-6d23-4728-a135-75dbda6bde49,b86ae24b-6f59-47e8-8adc-b17d88cbd367,1
b4eec587-6bca-4b2a-b3d3-ef2db72c4a4f,e2e78dfc-f25c-4fec-a002-8e280d61a2f2,2
c0873253-7827-4831-aa92-19c38372e58d,35550082-a52d-4301-8f06-05b30f6f3616,3
3944bd76-a630-4f50-9f41-b4e985b520ca,e2e78dfc-f25c-4fec-a002-8e280d61a2f2,2
e42ba9a9-986a-4f00-8dd2-5cf8462c74ea,5b50b820-1d0a-4231-9422-75e7f6b0cecf,4
e03c0b27-dcb0-4b48-a36e-1c5f013d11d9,d3e228db-8ca5-42ad-bb0a-2148e876cc59,4
c8ec734f-2f92-4d17-80bf-71de0afd713d,55c6a062-5f4a-4a8b-a8e5-05ea5e6715a3,3
ec9be902-7557-431c-824d-5c157c191697,e8b6528e-a830-4d03-a027-473b411c7f02,4
d1f27bac-ff50-489e-a5e0-12fd99fcf3e8,e2e78dfc-f25c-4fec-a002-8e280d61a2f2,3
a484481e-ee94-486a-ab20-50c70f8c6674,579f4cd0-1f45-49d2-af55-9ab2b72c3b35,1
5dbde056-632e-484a-a30b-67665cec51ee,80eda933-749d-4fc6-91d5-613d29eb126f,3
92d3887f-6f9e-4e3f-85a8-3da52d46cd45,5b50b820-1d0a-4231-9422-75e7f6b0cecf,3
c57a3e41-2e01-4529-a904-054657859dd7,d3e228db-8ca5-42ad-bb0a-2148e876cc59,4
34d36019-85bf-4260-9b15-1ed4d4ae3ada,d3e228db-8ca5-42ad-bb0a-2148e876cc59,3
d13a5859-35dd-4e23-9601-6bfef26a0ded,689fb64e-a4a2-45c5-b9f2-480c2155624d,1
b7e548f6-8f59-4552-8577-e0b895c858b4,a88a23ef-679c-4743-b151-dc7722040d8c,1
dcf4ab8d-ee51-4dd4-953d-557d413100fa,b66a7143-c18a-43bb-b5dc-06bb5d1d3160,2
b245fe74-2070-4203-848c-85d4b59f8eef,615695d3-8ffd-4850-bcf7-944cf6d3685b,4
b6f9c559-8c79-409f-963f-2499e5ad315e,5b50b820-1d0a-4231-9422-75e7f6b0cecf,1
f4b472f8-f344-4abe-a7dd-5b3cc983301b,64d39754-03e4-4fa0-b1ea-5f4293315f67,3
1e68f64e-1365-489e-8cf4-b56f8cf13fd7,c7050c3b-a898-424d-8d98-ab0aaad7bef4,2
cc2d40a9-dc85-481f-b027-9d1198187b70,b66a7143-c18a-43bb-b5dc-06bb5d1d3160,3
58d89e41-48a4-49a5-944e-28b4e349288d,80eda933-749d-4fc6-91d5-613d29eb126f,1
f6881473-8927-4504-8ba0-3acecf098b5c,37e0062f-bd15-4c3e-b272-558a86d90598,2
3c6072c0-399c-4250-86f4-86024e4a18c5,37e0062f-bd15-4c3e-b272-558a86d90598,3
ae526f89-1faf-4ae8-90b2-06b996b51b31,b66a7143-c18a-43bb-b5dc-06bb5d1d3160,4
7023672d-7f59-4b86-be86-4d4621ad06ae,bb19d194-e1bd-4358-819e-cd1f1b401c0c,1
44f19d9b-6f8d-4c04-8c1e-ee05a171a48a,c17e63f7-0d28-4a95-8248-b01ea354840e,1
89e6f87a-1347-4670-9cb6-8873c4ae0bca,a88a23ef-679c-4743-b151-dc7722040d8c,4
af1c67f7-bbde-4f2f-99d0-2e19242141c2,e5ee99b6-519f-4218-8b41-62f48f59f700,2
3895ef3d-4e4f-4793-ba7f-66743b7a7d39,c17e63f7-0d28-4a95-8248-b01ea354840e,1
4187e4d5-0629-4725-8ff5-1e88bf584dc2,e706ab70-b396-4d30-a6b2-a1ccf3625b52,2
ec9be902-7557-431c-824d-5c157c191697,fb0e8be7-5ac4-4a76-a1fa-2cc4bf0b2d80,1
f61a095b-7537-4869-aeff-1433277fa898,a88a23ef-679c-4743-b151-dc7722040d8c,4
6280af33-1ec6-4e8b-bc9e-6ed331ccb5da,d3e228db-8ca5-42ad-bb0a-2148e876cc59,4
d0cc9fd6-0ce6-42a4-a77e-fabb1b0962da,6f3a3072-a24d-4d11-9cef-25b0b5f8a4af,3
76198fb9-1fa6-4fe6-9053-1cbad61c4730,fb0e8be7-5ac4-4a76-a1fa-2cc4bf0b2d80,3
fd804ab1-fa33-49b5-97a4-5c29d28a5101,579f4cd0-1f45-49d2-af55-9ab2b72c3b35,3
c49ed1e6-c56b-4681-bef8-cf8d99404832,80eda933-749d-4fc6-91d5-613d29eb126f,1
5a00119e-674a-4f04-8b87-d8d48129a771,e18f33a6-b89a-4fbc-82ad-ccba5bb261cc,1
09431ff6-b550-4301-8d46-fde372e87af9,e18f33a6-b89a-4fbc-82ad-ccba5bb261cc,4
09fc1bc7-215a-4987-96a1-9e3e079a3707,b66a7143-c18a-43bb-b5dc-06bb5d1d3160,3
3772cac5-2ea2-4278-9166-f0703935a671,80eda933-749d-4fc6-91d5-613d29eb126f,1
8502b2de-ada6-4a20-8625-092835744bd8,b66a7143-c18a-43bb-b5dc-06bb5d1d3160,2
fafde59f-fc4a-4d5f-865e-ff13c8ab6d06,b66a7143-c18a-43bb-b5dc-06bb5d1d3160,4
0a5be7a1-f4b1-4833-b4fa-72a9276c63bf,74aeb414-e3dd-4e8a-beef-0fa45225214d,4
9da202ba-64b2-4c8c-bab7-7cfc56a3410c,b66a7143-c18a-43bb-b5dc-06bb5d1d3160,1
3772cac5-2ea2-4278-9166-f0703935a671,64d39754-03e4-4fa0-b1ea-5f4293315f67,2
db46d023-4a2b-43f2-aac8-d9d73284eddc,6f3a3072-a24d-4d11-9cef-25b0b5f8a4af,2
b3cb4101-b1c4-40d0-89e6-a029f1dcce5b,58b575f2-2192-4a53-9d21-df9a0c14fc25,2
cf9e7988-a925-4015-baf3-7a0f9e494291,843b6553-dc6a-4fc4-bceb-02cd39af0168,2
e77a9f5e-a3d7-4eed-ba0b-50893cb38f00,05df0866-1a66-41d8-9ed7-e2bbcddd6a3d,4
2bfad5b6-b4ad-47e2-a316-8b7dc7fbc246,05df0866-1a66-41d8-9ed7-e2bbcddd6a3d,1
0db4263a-5b43-488c-b9d8-9592c9f4d549,b66a7143-c18a-43bb-b5dc-06bb5d1d3160,1
86302f5c-4879-4056-8c99-b3721e83829d,e18f33a6-b89a-4fbc-82ad-ccba5bb261cc,4
7edd0cc1-e72c-4463-86c9-e7758c6fd2f6,579f4cd0-1f45-49d2-af55-9ab2b72c3b35,1
b10167f6-1753-4208-b79b-cba9ace4b6be,5ceddd13-cf00-481f-9285-8340ab95d06d,3
841074bf-571a-43a6-963c-ba7cbdb26c85,35550082-a52d-4301-8f06-05b30f6f3616,1
5f16fb3f-aa26-4cdc-8de6-e86c96dc842f,b66a7143-c18a-43bb-b5dc-06bb5d1d3160,3
58d89e41-48a4-49a5-944e-28b4e349288d,5ceddd13-cf00-481f-9285-8340ab95d06d,2
667f2f4e-4262-425d-bf66-9b600af692a6,5b50b820-1d0a-4231-9422-75e7f6b0cecf,1
b6d916e6-da31-4145-9edd-8fc76677b55b,5ceddd13-cf00-481f-9285-8340ab95d06d,4
911cf158-a9f8-47f9-a8f0-900b113fc41a,74aeb414-e3dd-4e8a-beef-0fa45225214d,3
df91aa85-bfc7-4c31-93ef-4cee8d00a343,55c6a062-5f4a-4a8b-a8e5-05ea5e6715a3,4
1747e0c2-2649-4b8b-8048-540425302a8f,5ceddd13-cf00-481f-9285-8340ab95d06d,4
85a88715-9eef-486b-9494-82989ee3b483,37e0062f-bd15-4c3e-b272-558a86d90598,4
59c79883-a968-49af-833b-7305f181c669,55c6a062-5f4a-4a8b-a8e5-05ea5e6715a3,1
44f19d9b-6f8d-4c04-8c1e-ee05a171a48a,d3e228db-8ca5-42ad-bb0a-2148e876cc59,3
b3773cdd-b925-4eda-906c-57fa5d0e5a55,579f4cd0-1f45-49d2-af55-9ab2b72c3b35,4
e1ecd50e-033d-4d0c-bcff-137c2eb494dd,58b575f2-2192-4a53-9d21-df9a0c14fc25,1
a5030657-135a-454a-b17e-1014c1b53852,35550082-a52d-4301-8f06-05b30f6f3616,4
ec9be902-7557-431c-824d-5c157c191697,c7050c3b-a898-424d-8d98-ab0aaad7bef4,3
47254e22-09a8-4661-b2db-1a7e8d80b746,c7050c3b-a898-424d-8d98-ab0aaad7bef4,4
859841a2-a2fa-4d7b-a749-8cd37b31b1ed,58b575f2-2192-4a53-9d21-df9a0c14fc25,2
6abeb560-cfb9-4726-8d7d-612f3cd3763e,689fb64e-a4a2-45c5-b9f2-480c2155624d,3
58d89e41-48a4-49a5-944e-28b4e349288d,bb19d194-e1bd-4358-819e-cd1f1b401c0c,3
c49ed1e6-c56b-4681-bef8-cf8d99404832,615695d3-8ffd-4850-bcf7-944cf6d3685b,4
c20d15c3-b463-49d9-a114-905c83bbf357,e5ee99b6-519f-4218-8b41-62f48f59f700,1
27897d11-f7a3-424a-bc4b-50c0487d12d1,c17e63f7-0d28-4a95-8248-b01ea354840e,1
b2b891d1-56c5-4876-a24f-a7961b3e1b3b,689fb64e-a4a2-45c5-b9f2-480c2155624d,3
5dbde056-632e-484a-a30b-67665cec51ee,b86ae24b-6f59-47e8-8adc-b17d88cbd367,4
1e68f64e-1365-489e-8cf4-b56f8cf13fd7,b86ae24b-6f59-47e8-8adc-b17d88cbd367,2
4fe7882d-a063-4afc-95c5-a80430305a22,e5ee99b6-519f-4218-8b41-62f48f59f700,1
59c79883-a968-49af-833b-7305f181c669,6f3a3072-a24d-4d11-9cef-25b0b5f8a4af,3
a11ec73d-efcb-4918-be37-fa6f812d22de,b86ae24b-6f59-47e8-8adc-b17d88cbd367,4
d9ec4e76-e7c0-4457-b6e2-a025abea6b9a,74aeb414-e3dd-4e8a-beef-0fa45225214d,1
dc3c0681-9e42-4041-a2eb-576324037da3,58b575f2-2192-4a53-9d21-df9a0c14fc25,2
290e43d7-2768-47e8-9037-94d08ddc4345,e706ab70-b396-4d30-a6b2-a1ccf3625b52,3
aafb9fbd-56e1-4dcc-b6b2-a3fd91381bb6,55c6a062-5f4a-4a8b-a8e5-05ea5e6715a3,1
08cbcbdc-781b-434d-a70b-4955117596a1,e5ee99b6-519f-4218-8b41-62f48f59f700,2
5b8caca4-14fb-4813-b0bc-b768c8217a19,35550082-a52d-4301-8f06-05b30f6f3616,4
38893be1-b3c0-4460-ab69-f83f6ac95c6a,e5ee99b6-519f-4218-8b41-62f48f59f700,3
f9d41e2a-81fa-400d-930f-a960c3135db9,e2e78dfc-f25c-4fec-a002-8e280d61a2f2,2
8a4b88e8-7b27-4023-8134-93c6b05b2c6e,fb0e8be7-5ac4-4a76-a1fa-2cc4bf0b2d80,2
a86318cc-892b-4ea0-a031-da15ad2e52ed,5ceddd13-cf00-481f-9285-8340ab95d06d,1
f61a095b-7537-4869-aeff-1433277fa898,5ceddd13-cf00-481f-9285-8340ab95d06d,3
e1ecd50e-033d-4d0c-bcff-137c2eb494dd,e2e78dfc-f25c-4fec-a002-8e280d61a2f2,2
f4b472f8-f344-4abe-a7dd-5b3cc983301b,bb19d194-e1bd-4358-819e-cd1f1b401c0c,4
f684e5fd-154c-4b52-9b35-1ccc7e74190f,35550082-a52d-4301-8f06-05b30f6f3616,3
e60286de-ae1c-4427-8b3c-3f019e93ac7a,a88a23ef-679c-4743-b151-dc7722040d8c,4
8742e74e-c54e-4264-a3f2-7dd301072523,37e0062f-bd15-4c3e-b272-558a86d90598,1
3dd8be7e-c2c0-4141-953f-1ce79cff87b8,c7050c3b-a898-424d-8d98-ab0aaad7bef4,2
778f8864-d993-4118-b7d6-1ea836ec6791,e18f33a6-b89a-4fbc-82ad-ccba5bb261cc,3
ec9be902-7557-431c-824d-5c157c191697,e18f33a6-b89a-4fbc-82ad-ccba5bb261cc,4
273c575f-a41c-428f-80b0-a97985793b00,e706ab70-b396-4d30-a6b2-a1ccf3625b52,2
4c128667-aa7c-41be-b9dd-bb5a1164e6f0,80eda933-749d-4fc6-91d5-613d29eb126f,3
2434b44d-0df9-4d54-99ad-e259cbf9efa6,05df0866-1a66-41d8-9ed7-e2bbcddd6a3d,3
fae3a36e-1707-441b-8ff8-7b6afeb278f6,58b575f2-2192-4a53-9d21-df9a0c14fc25,4
b245fe74-2070-4203-848c-85d4b59f8eef,58b575f2-2192-4a53-9d21-df9a0c14fc25,2
671aa103-6918-4d9a-89f6-3bd3861f4a9b,6f3a3072-a24d-4d11-9cef-25b0b5f8a4af,1
2a4ce69d-8db6-48d7-b48f-719d09b0b91f,64d39754-03e4-4fa0-b1ea-5f4293315f67,3
bb219a8e-f747-4cc5-ac19-9f505baed9ff,c7050c3b-a898-424d-8d98-ab0aaad7bef4,2
4c128667-aa7c-41be-b9dd-bb5a1164e6f0,e18f33a6-b89a-4fbc-82ad-ccba5bb261cc,3
a5030657-135a-454a-b17e-1014c1b53852,64d39754-03e4-4fa0-b1ea-5f4293315f67,4
2bfad5b6-b4ad-47e2-a316-8b7dc7fbc246,e8b6528e-a830-4d03-a027-473b411c7f02,1
0f3fb208-95e1-4d3b-8f09-ae6088d41938,615695d3-8ffd-4850-bcf7-944cf6d3685b,4
915a50e8-2ca3-434b-aacb-7d633ba1bef1,35550082-a52d-4301-8f06-05b30f6f3616,1
8b006054-ad90-49c4-9685-2adabaf29fcc,b86ae24b-6f59-47e8-8adc-b17d88cbd367,2
5b8caca4-14fb-4813-b0bc-b768c8217a19,e5ee99b6-519f-4218-8b41-62f48f59f700,3
32726aa6-2175-4fc7-856b-512f61c70dc1,bb19d194-e1bd-4358-819e-cd1f1b401c0c,2
942af8de-9bef-48e3-8fda-2341f20d2fbe,b86ae24b-6f59-47e8-8adc-b17d88cbd367,3
f0f5f852-5c81-4f33-a415-15b660486918,be49171b-9f72-4fc9-bf7a-9a52e259836b,2
7db78274-d998-408b-9c97-83f22373c9ea,fb0e8be7-5ac4-4a76-a1fa-2cc4bf0b2d80,1
5741e351-3124-4de7-9dff-01a448e7dfd4,b66a7143-c18a-43bb-b5dc-06bb5d1d3160,4
e24985f3-2fb3-456e-a1aa-aaf88f490d70,e8b6528e-a830-4d03-a027-473b411c7f02,1
e42ba9a9-986a-4f00-8dd2-5cf8462c74ea,579f4cd0-1f45-49d2-af55-9ab2b72c3b35,3
03b5ede7-4f3e-4d17-a326-be5e27338501,c17e63f7-0d28-4a95-8248-b01ea354840e,4
175d8fb5-2c45-45b5-9fe3-7b3987d05b2d,579f4cd0-1f45-49d2-af55-9ab2b72c3b35,4
62f9cc25-a60a-4a87-a7d8-79f9f70ef6a3,fb0e8be7-5ac4-4a76-a1fa-2cc4bf0b2d80,4
2a4ce69d-8db6-48d7-b48f-719d09b0b91f,be49171b-9f72-4fc9-bf7a-9a52e259836b,4
da8cbe31-46f8-4b5c-806a-11ba9c40df9a,4cda01b9-62e2-46c5-830f-b7f262a58fb1,3
967f96c9-adcf-4304-9295-73a9766fe51f,c17e63f7-0d28-4a95-8248-b01ea354840e,2
d6ae6182-1c85-4b8e-a7a0-d150b08cab27,35550082-a52d-4301-8f06-05b30f6f3616,4
c23de9da-73a2-437f-a2c2-bd257bc692c3,e8b6528e-a830-4d03-a027-473b411c7f02,4
19c066e5-c505-4814-8e68-ac6ab2971a67,d3e228db-8ca5-42ad-bb0a-2148e876cc59,2
871d9861-ea19-47a1-950d-c3198128acef,579f4cd0-1f45-49d2-af55-9ab2b72c3b35,3
ba9fa0c5-4631-42dc-9e4f-1dbbaafcb85c,e5ee99b6-519f-4218-8b41-62f48f59f700,2
3772cac5-2ea2-4278-9166-f0703935a671,be49171b-9f72-4fc9-bf7a-9a52e259836b,1
1747e0c2-2649-4b8b-8048-540425302a8f,b86ae24b-6f59-47e8-8adc-b17d88cbd367,4
15f26002-ee82-4855-a9d7-d55ff3f1a85b,5b50b820-1d0a-4231-9422-75e7f6b0cecf,3
912c0b79-532d-4710-bf23-0f9e227b5864,80eda933-749d-4fc6-91d5-613d29eb126f,2
88971e55-2d81-493c-bd7f-2e1efc4c0153,615695d3-8ffd-4850-bcf7-944cf6d3685b,1
8385cfcd-2b3f-443a-a676-9756f7eb5404,bb19d194-e1bd-4358-819e-cd1f1b401c0c,1
53aa67bb-9718-44bf-8b08-dc5e853a7166,e18f33a6-b89a-4fbc-82ad-ccba5bb261cc,1
265f9aae-561a-4232-a78a-7052466e46b7,74aeb414-e3dd-4e8a-beef-0fa45225214d,2
b3cb4101-b1c4-40d0-89e6-a029f1dcce5b,c17e63f7-0d28-4a95-8248-b01ea354840e,1
4650242f-8513-49dd-b2e8-4df3c388fd22,55c6a062-5f4a-4a8b-a8e5-05ea5e6715a3,3
2db8d59b-1470-4cd3-8be6-c96a82480240,74aeb414-e3dd-4e8a-beef-0fa45225214d,3
cc2d40a9-dc85-481f-b027-9d1198187b70,c17e63f7-0d28-4a95-8248-b01ea354840e,4
d1f27bac-ff50-489e-a5e0-12fd99fcf3e8,fb0e8be7-5ac4-4a76-a1fa-2cc4bf0b2d80,2
d13a5859-35dd-4e23-9601-6bfef26a0ded,579f4cd0-1f45-49d2-af55-9ab2b72c3b35,4
5f078a73-bc4b-4231-9c91-144060234d49,b86ae24b-6f59-47e8-8adc-b17d88cbd367,4
7cbec68e-07c8-4476-86b4-90549db95454,6f3a3072-a24d-4d11-9cef-25b0b5f8a4af,4
6056966f-4515-4b6c-b1a6-7f55ca774b78,35550082-a52d-4301-8f06-05b30f6f3616,2
ba9fa0c5-4631-42dc-9e4f-1dbbaafcb85c,5ceddd13-cf00-481f-9285-8340ab95d06d,4
b9523b83-4b6f-41d3-8681-b946313ac6c3,74aeb414-e3dd-4e8a-beef-0fa45225214d,1
a11ec73d-efcb-4918-be37-fa6f812d22de,e8b6528e-a830-4d03-a027-473b411c7f02,4
8f024856-4bf8-4117-81ac-d61f62c91158,843b6553-dc6a-4fc4-bceb-02cd39af0168,1
97c51e08-8026-44cb-af4b-15f8011e4931,b86ae24b-6f59-47e8-8adc-b17d88cbd367,4
b3bbc1b2-11bf-4a7f-8424-8c6fb14d753b,be49171b-9f72-4fc9-bf7a-9a52e259836b,1
93a40bfd-c161-47be-8659-714ca706b514,e18f33a6-b89a-4fbc-82ad-ccba5bb261cc,2
f4b472f8-f344-4abe-a7dd-5b3cc983301b,579f4cd0-1f45-49d2-af55-9ab2b72c3b35,1
d9cc0f2f-0be3-4cfc-bec0-fd97eb7977d6,579f4cd0-1f45-49d2-af55-9ab2b72c3b35,2
35b4cbc7-b92f-400f-b292-8494dbb23567,74aeb414-e3dd-4e8a-beef-0fa45225214d,2
bbd9db3c-9553-43b8-8223-c8d204ba5129,e18f33a6-b89a-4fbc-82ad-ccba5bb261cc,2
a2c0226b-46d1-4100-9eff-f9d5b3255850,5b50b820-1d0a-4231-9422-75e7f6b0cecf,2
03b5ede7-4f3e-4d17-a326-be5e27338501,37e0062f-bd15-4c3e-b272-558a86d90598,4
03b5ede7-4f3e-4d17-a326-be5e27338501,80eda933-749d-4fc6-91d5-613d29eb126f,4
b9523b83-4b6f-41d3-8681-b946313ac6c3,58b575f2-2192-4a53-9d21-df9a0c14fc25,1
8329a65b-7ddf-4250-aeee-bd625f8a401a,5b50b820-1d0a-4231-9422-75e7f6b0cecf,3
88971e55-2d81-493c-bd7f-2e1efc4c0153,80eda933-749d-4fc6-91d5-613d29eb126f,2
942af8de-9bef-48e3-8fda-2341f20d2fbe,4cda01b9-62e2-46c5-830f-b7f262a58fb1,2
1be71a60-1e61-4b97-aa13-1a6886f50ef3,35550082-a52d-4301-8f06-05b30f6f3616,4
a11ec73d-efcb-4918-be37-fa6f812d22de,55c6a062-5f4a-4a8b-a8e5-05ea5e6715a3,1
f6eed630-9b01-4f64-81eb-f13be001f2b6,5ceddd13-cf00-481f-9285-8340ab95d06d,3
1e5fa971-3c0e-4ae8-b5bb-63d6176b82b2,843b6553-dc6a-4fc4-bceb-02cd39af0168,2
630bc8fb-239e-49e8-9911-90f5ee5637c6,579f4cd0-1f45-49d2-af55-9ab2b72c3b35,4
497e5ef8-5bf6-424c-9d05-f5a467c2d23a,e18f33a6-b89a-4fbc-82ad-ccba5bb261cc,2
2db8d59b-1470-4cd3-8be6-c96a82480240,d3e228db-8ca5-42ad-bb0a-2148e876cc59,2
ea907a0e-c27d-4d44-878c-1d2a9e54b740,fb0e8be7-5ac4-4a76-a1fa-2cc4bf0b2d80,1
12c0a32d-2471-465f-9337-14b221af4fc3,689fb64e-a4a2-45c5-b9f2-480c2155624d,3
5f994f7e-2e13-4720-99ed-cfbdcdfd6e2a,80eda933-749d-4fc6-91d5-613d29eb126f,3
80768346-2426-4f4a-a8ba-4f7768139f94,c7050c3b-a898-424d-8d98-ab0aaad7bef4,3
e42ba9a9-986a-4f00-8dd2-5cf8462c74ea,bb19d194-e1bd-4358-819e-cd1f1b401c0c,4
9f640f78-93eb-46d3-b4c8-41ef69b03d8b,e8b6528e-a830-4d03-a027-473b411c7f02,3
8f024856-4bf8-4117-81ac-d61f62c91158,05df0866-1a66-41d8-9ed7-e2bbcddd6a3d,1
1eb77dda-3387-4242-ba28-0b371ea785cf,fb0e8be7-5ac4-4a76-a1fa-2cc4bf0b2d80,2
692abf44-42fb-4cd3-8076-d9346d57211c,05df0866-1a66-41d8-9ed7-e2bbcddd6a3d,2
42ec61e5-e1ff-4dee-b507-3e466e5d1768,74aeb414-e3dd-4e8a-beef-0fa45225214d,3
44f19d9b-6f8d-4c04-8c1e-ee05a171a48a,615695d3-8ffd-4850-bcf7-944cf6d3685b,1
ba9fa0c5-4631-42dc-9e4f-1dbbaafcb85c,74aeb414-e3dd-4e8a-beef-0fa45225214d,4
29d20dcd-d0c4-4bca-a52d-fc9363b5d7c6,be49171b-9f72-4fc9-bf7a-9a52e259836b,2
b6d916e6-da31-4145-9edd-8fc76677b55b,35550082-a52d-4301-8f06-05b30f6f3616,2
c46b8091-59e1-49de-a505-f1c98023a65a,58b575f2-2192-4a53-9d21-df9a0c14fc25,2
96a0cf17-5d93-4476-b836-ec6c8c7a9b21,e2e78dfc-f25c-4fec-a002-8e280d61a2f2,2
12a416f6-08d4-4db5-953e-d683ca9081f6,37e0062f-bd15-4c3e-b272-558a86d90598,2
8899a38e-2c99-46ea-adb4-526c3a1fac38,64d39754-03e4-4fa0-b1ea-5f4293315f67,4
4a67cffa-e7bc-4d30-bc97-f2c9a71334d1,e5ee99b6-519f-4218-8b41-62f48f59f700,1
f9cdbb13-c633-4867-bcb0-284d9a583781,55c6a062-5f4a-4a8b-a8e5-05ea5e6715a3,4
937b130d-c75f-47c6-913f-ca7717e82dae,c17e63f7-0d28-4a95-8248-b01ea354840e,1
fe1144d9-15c7-4d10-a533-fee0c06b0bcb,615695d3-8ffd-4850-bcf7-944cf6d3685b,3
2ebd594f-3b44-4b66-87f0-5b2c321086d1,37e0062f-bd15-4c3e-b272-558a86d90598,1
f67806e3-1791-404d-a445-6467318f3a0d,55c6a062-5f4a-4a8b-a8e5-05ea5e6715a3,4
0669a520-9c7e-424d-a279-ee96f6f25aec,e8b6528e-a830-4d03-a027-473b411c7f02,1
906ac891-d7a7-4d50-b4c6-c982fae2fc2d,b66a7143-c18a-43bb-b5dc-06bb5d1d3160,1
59c79883-a968-49af-833b-7305f181c669,80eda933-749d-4fc6-91d5-613d29eb126f,1
53aa67bb-9718-44bf-8b08-dc5e853a7166,e5ee99b6-519f-4218-8b41-62f48f59f700,4
1829f967-79c8-4998-ba9f-9d381728cedd,05df0866-1a66-41d8-9ed7-e2bbcddd6a3d,3
27897d11-f7a3-424a-bc4b-50c0487d12d1,fb0e8be7-5ac4-4a76-a1fa-2cc4bf0b2d80,4
ba6390f1-e352-4fd5-9f1e-b350214c4124,fb0e8be7-5ac4-4a76-a1fa-2cc4bf0b2d80,4
f3ab84e6-dec5-43b4-9aa7-45b9988bff58,d3e228db-8ca5-42ad-bb0a-2148e876cc59,2
a11ec73d-efcb-4918-be37-fa6f812d22de,5ceddd13-cf00-481f-9285-8340ab95d06d,1
80768346-2426-4f4a-a8ba-4f7768139f94,e18f33a6-b89a-4fbc-82ad-ccba5bb261cc,2
84aac39f-68ae-4e5f-a2c7-b5ad0b820a09,5b50b820-1d0a-4231-9422-75e7f6b0cecf,1
fa41614e-38dc-4cfb-ade8-4ffb9d1fed72,35550082-a52d-4301-8f06-05b30f6f3616,3
e86dab74-f840-482c-b833-0e60b4e58a27,6f3a3072-a24d-4d11-9cef-25b0b5f8a4af,1
265f9aae-561a-4232-a78a-7052466e46b7,e2e78dfc-f25c-4fec-a002-8e280d61a2f2,4
0ac61965-6392-4fe3-bb4f-292438c37de0,c17e63f7-0d28-4a95-8248-b01ea354840e,2
3895ef3d-4e4f-4793-ba7f-66743b7a7d39,5b50b820-1d0a-4231-9422-75e7f6b0cecf,2
fed6ed02-4791-48e0-8cc4-c127dceca8ca,5ceddd13-cf00-481f-9285-8340ab95d06d,1
b3bbc1b2-11bf-4a7f-8424-8c6fb14d753b,5b50b820-1d0a-4231-9422-75e7f6b0cecf,3
b245fe74-2070-4203-848c-85d4b59f8eef,5ceddd13-cf00-481f-9285-8340ab95d06d,3
529bcc4d-8fcc-42b5-b4c5-a0e2c8886686,579f4cd0-1f45-49d2-af55-9ab2b72c3b35,4
273c575f-a41c-428f-80b0-a97985793b00,e8b6528e-a830-4d03-a027-473b411c7f02,3
7edd0cc1-e72c-4463-86c9-e7758c6fd2f6,be49171b-9f72-4fc9-bf7a-9a52e259836b,1
ef4b32fb-3859-441a-a4cc-1ca197f78aeb,4cda01b9-62e2-46c5-830f-b7f262a58fb1,1
0322c87a-dccc-4c1d-a639-2404c00c7871,c7050c3b-a898-424d-8d98-ab0aaad7bef4,3
a7cf9a95-2f89-4c41-bc7d-1ba891946f76,689fb64e-a4a2-45c5-b9f2-480c2155624d,2
095cd54c-8568-4245-9d7a-9c2f79c6a19e,689fb64e-a4a2-45c5-b9f2-480c2155624d,2
9da202ba-64b2-4c8c-bab7-7cfc56a3410c,80eda933-749d-4fc6-91d5-613d29eb126f,1
03b5ede7-4f3e-4d17-a326-be5e27338501,e8b6528e-a830-4d03-a027-473b411c7f02,3
967f96c9-adcf-4304-9295-73a9766fe51f,74aeb414-e3dd-4e8a-beef-0fa45225214d,1
4650242f-8513-49dd-b2e8-4df3c388fd22,fb0e8be7-5ac4-4a76-a1fa-2cc4bf0b2d80,4
29feab11-0894-43f4-bb2b-502453a49f23,4cda01b9-62e2-46c5-830f-b7f262a58fb1,4
29d20dcd-d0c4-4bca-a52d-fc9363b5d7c6,5ceddd13-cf00-481f-9285-8340ab95d06d,3
630bc8fb-239e-49e8-9911-90f5ee5637c6,e5ee99b6-519f-4218-8b41-62f48f59f700,2
667f2f4e-4262-425d-bf66-9b600af692a6,74aeb414-e3dd-4e8a-beef-0fa45225214d,1
d6ae6182-1c85-4b8e-a7a0-d150b08cab27,c7050c3b-a898-424d-8d98-ab0aaad7bef4,1
f9d41e2a-81fa-400d-930f-a960c3135db9,c7050c3b-a898-424d-8d98-ab0aaad7bef4,2
692abf44-42fb-4cd3-8076-d9346d57211c,fb0e8be7-5ac4-4a76-a1fa-2cc4bf0b2d80,1
290e43d7-2768-47e8-9037-94d08ddc4345,bb19d194-e1bd-4358-819e-cd1f1b401c0c,2
f41a7205-5a93-4d93-8988-ad1ee619ae2a,64d39754-03e4-4fa0-b1ea-5f4293315f67,1
38c516e8-b23a-493a-8a5c-bf7b2b9ea995,64d39754-03e4-4fa0-b1ea-5f4293315f67,3
38893be1-b3c0-4460-ab69-f83f6ac95c6a,c17e63f7-0d28-4a95-8248-b01ea354840e,1
5f078a73-bc4b-4231-9c91-144060234d49,64d39754-03e4-4fa0-b1ea-5f4293315f67,3
01e059c6-9aee-4dfe-b5b5-8c403bb21a82,689fb64e-a4a2-45c5-b9f2-480c2155624d,3
c5a71045-9dfe-4345-8021-200a01481367,689fb64e-a4a2-45c5-b9f2-480c2155624d,1
b4eec587-6bca-4b2a-b3d3-ef2db72c4a4f,e8b6528e-a830-4d03-a027-473b411c7f02,3
9d24b74d-0aaf-45ab-954e-5d8e435a3366,579f4cd0-1f45-49d2-af55-9ab2b72c3b35,3
8a4b88e8-7b27-4023-8134-93c6b05b2c6e,bb19d194-e1bd-4358-819e-cd1f1b401c0c,1
c98cb399-9f31-47e9-8394-80b6962cbdae,6f3a3072-a24d-4d11-9cef-25b0b5f8a4af,2
aab22458-eebe-4f90-b563-d1eda139e78d,843b6553-dc6a-4fc4-bceb-02cd39af0168,2
eb047506-bf59-4d29-b134-6a9d80235f3f,c17e63f7-0d28-4a95-8248-b01ea354840e,2
b10167f6-1753-4208-b79b-cba9ace4b6be,4cda01b9-62e2-46c5-830f-b7f262a58fb1,2
0ec01f36-fc49-456b-8ca5-7a7d5ea50df5,64d39754-03e4-4fa0-b1ea-5f4293315f67,1
7023672d-7f59-4b86-be86-4d4621ad06ae,579f4cd0-1f45-49d2-af55-9ab2b72c3b35,2
c46b8091-59e1-49de-a505-f1c98023a65a,e18f33a6-b89a-4fbc-82ad-ccba5bb261cc,3
5f16fb3f-aa26-4cdc-8de6-e86c96dc842f,a88a23ef-679c-4743-b151-dc7722040d8c,3
62f9cc25-a60a-4a87-a7d8-79f9f70ef6a3,05df0866-1a66-41d8-9ed7-e2bbcddd6a3d,4
8438becb-0cf6-4add-b15d-b4f44b724b53,4cda01b9-62e2-46c5-830f-b7f262a58fb1,3
6abeb560-cfb9-4726-8d7d-612f3cd3763e,6f3a3072-a24d-4d11-9cef-25b0b5f8a4af,2
b6d916e6-da31-4145-9edd-8fc76677b55b,689fb64e-a4a2-45c5-b9f2-480c2155624d,1
d38de9c0-789c-4527-99ff-30a23f550d88,579f4cd0-1f45-49d2-af55-9ab2b72c3b35,3
e36cd6af-75e4-4182-8ce4-e3a5323bbf2b,c7050c3b-a898-424d-8d98-ab0aaad7bef4,4
71c94abb-281b-44d8-b082-7848ae8e88d8,615695d3-8ffd-4850-bcf7-944cf6d3685b,3
6280af33-1ec6-4e8b-bc9e-6ed331ccb5da,e5ee99b6-519f-4218-8b41-62f48f59f700,1
3af487e1-401f-4269-a6a8-afd4d88c780c,5ceddd13-cf00-481f-9285-8340ab95d06d,3
d9ec4e76-e7c0-4457-b6e2-a025abea6b9a,35550082-a52d-4301-8f06-05b30f6f3616,4
2795df92-ee7d-4992-bab2-15dbb2b2ab36,fb0e8be7-5ac4-4a76-a1fa-2cc4bf0b2d80,1
6f89159f-8046-4bae-a680-34ca13c9d4fa,e706ab70-b396-4d30-a6b2-a1ccf3625b52,2
27897d11-f7a3-424a-bc4b-50c0487d12d1,64d39754-03e4-4fa0-b1ea-5f4293315f67,4
8329a65b-7ddf-4250-aeee-bd625f8a401a,55c6a062-5f4a-4a8b-a8e5-05ea5e6715a3,1
885ebd5d-6a82-4802-a241-2e52e223df5a,5ceddd13-cf00-481f-9285-8340ab95d06d,2
c0873253-7827-4831-aa92-19c38372e58d,fb0e8be7-5ac4-4a76-a1fa-2cc4bf0b2d80,2
002f22d6-25a3-48e4-aaa9-36be31e57185,64d39754-03e4-4fa0-b1ea-5f4293315f67,3
cad92df1-0b1a-4827-a1fc-f20cece591dd,843b6553-dc6a-4fc4-bceb-02cd39af0168,2
265f9aae-561a-4232-a78a-7052466e46b7,e8b6528e-a830-4d03-a027-473b411c7f02,1
29d20dcd-d0c4-4bca-a52d-fc9363b5d7c6,615695d3-8ffd-4850-bcf7-944cf6d3685b,2
81617893-be66-4c1e-b73e-a71ece089732,80eda933-749d-4fc6-91d5-613d29eb126f,4
32726aa6-2175-4fc7-856b-512f61c70dc1,05df0866-1a66-41d8-9ed7-e2bbcddd6a3d,2
7edd0cc1-e72c-4463-86c9-e7758c6fd2f6,55c6a062-5f4a-4a8b-a8e5-05ea5e6715a3,3
942af8de-9bef-48e3-8fda-2341f20d2fbe,58b575f2-2192-4a53-9d21-df9a0c14fc25,1
df91aa85-bfc7-4c31-93ef-4cee8d00a343,615695d3-8ffd-4850-bcf7-944cf6d3685b,1
15f26002-ee82-4855-a9d7-d55ff3f1a85b,e2e78dfc-f25c-4fec-a002-8e280d61a2f2,2
6056966f-4515-4b6c-b1a6-7f55ca774b78,e8b6528e-a830-4d03-a027-473b411c7f02,3
8f024856-4bf8-4117-81ac-d61f62c91158,e2e78dfc-f25c-4fec-a002-8e280d61a2f2,3
671aa103-6918-4d9a-89f6-3bd3861f4a9b,5ceddd13-cf00-481f-9285-8340ab95d06d,2
08f64f64-8cd5-491a-a5a9-80ffd3321fc9,d3e228db-8ca5-42ad-bb0a-2148e876cc59,3
3332bd19-5807-4a5f-8894-8f1fee628adf,37e0062f-bd15-4c3e-b272-558a86d90598,3
8a7d1bfe-b9b2-4aae-9455-9533214ce43e,e706ab70-b396-4d30-a6b2-a1ccf3625b52,3
8b006054-ad90-49c4-9685-2adabaf29fcc,615695d3-8ffd-4850-bcf7-944cf6d3685b,1
1be71a60-1e61-4b97-aa13-1a6886f50ef3,fb0e8be7-5ac4-4a76-a1fa-2cc4bf0b2d80,4
5741e351-3124-4de7-9dff-01a448e7dfd4,e8b6528e-a830-4d03-a027-473b411c7f02,4
db7957ce-8b32-41bb-868f-c8e9cce8f1a3,b86ae24b-6f59-47e8-8adc-b17d88cbd367,4
ffd7d39a-e3b5-43dc-97b7-f6f5443ae314,37e0062f-bd15-4c3e-b272-558a86d90598,4
0ecabdf2-fe92-4d66-ad87-6e693748d682,5b50b820-1d0a-4231-9422-75e7f6b0cecf,4
38c516e8-b23a-493a-8a5c-bf7b2b9ea995,4cda01b9-62e2-46c5-830f-b7f262a58fb1,2
63505de8-b2e8-4588-8f0d-b1121bfb75f8,6f3a3072-a24d-4d11-9cef-25b0b5f8a4af,1
3332bd19-5807-4a5f-8894-8f1fee628adf,b66a7143-c18a-43bb-b5dc-06bb5d1d3160,1
b15964ec-1e59-4258-9ecb-bcaac33cd071,80eda933-749d-4fc6-91d5-613d29eb126f,3
e24985f3-2fb3-456e-a1aa-aaf88f490d70,c7050c3b-a898-424d-8d98-ab0aaad7bef4,1
b6d916e6-da31-4145-9edd-8fc76677b55b,e706ab70-b396-4d30-a6b2-a1ccf3625b52,3
34d36019-85bf-4260-9b15-1ed4d4ae3ada,a88a23ef-679c-4743-b151-dc7722040d8c,3
b15964ec-1e59-4258-9ecb-bcaac33cd071,b86ae24b-6f59-47e8-8adc-b17d88cbd367,2
551f91e6-bce3-4fb5-8dd6-782ff140480d,c7050c3b-a898-424d-8d98-ab0aaad7bef4,1
2bfad5b6-b4ad-47e2-a316-8b7dc7fbc246,e18f33a6-b89a-4fbc-82ad-ccba5bb261cc,1
dbfaf983-63e8-4246-899b-f0689e54ea56,4cda01b9-62e2-46c5-830f-b7f262a58fb1,4
2795df92-ee7d-4992-bab2-15dbb2b2ab36,e18f33a6-b89a-4fbc-82ad-ccba5bb261cc,3
a926376d-6261-45af-89bf-36cbee1f8cda,d3e228db-8ca5-42ad-bb0a-2148e876cc59,3
1b8feb77-03cf-4414-a652-544fa364c008,e18f33a6-b89a-4fbc-82ad-ccba5bb261cc,4
19f1c3c5-3840-4d33-8d88-30fad93fa25e,843b6553-dc6a-4fc4-bceb-02cd39af0168,1
f684e5fd-154c-4b52-9b35-1ccc7e74190f,b86ae24b-6f59-47e8-8adc-b17d88cbd367,1
951d80a3-2947-4ec2-a5a4-c633662d25e9,64d39754-03e4-4fa0-b1ea-5f4293315f67,3
bd760d86-5051-4418-86cc-d97e4deac8af,58b575f2-2192-4a53-9d21-df9a0c14fc25,1
5a87daee-97d3-4676-9f53-58bfb7042ca4,e5ee99b6-519f-4218-8b41-62f48f59f700,2
ec11cc26-50d8-47bd-8ed0-20587214ba7d,843b6553-dc6a-4fc4-bceb-02cd39af0168,3
5dbde056-632e-484a-a30b-67665cec51ee,05df0866-1a66-41d8-9ed7-e2bbcddd6a3d,3
9dfcd309-494d-49bb-8e85-ad176efff081,80eda933-749d-4fc6-91d5-613d29eb126f,2
71d7653c-9386-42df-afef-6d9d44bb53c4,689fb64e-a4a2-45c5-b9f2-480c2155624d,4
06b914dd-d6fc-44ea-a52e-10eadebb5183,58b575f2-2192-4a53-9d21-df9a0c14fc25,1
bff70480-5298-4218-8cac-4f825b082bf5,c17e63f7-0d28-4a95-8248-b01ea354840e,2
7456d2d4-95f8-4725-bcd3-78ec79467149,a88a23ef-679c-4743-b151-dc7722040d8c,1
041ecc00-a968-4118-afd5-84093c4e7356,e2e78dfc-f25c-4fec-a002-8e280d61a2f2,3
973443f0-e2ff-472c-8469-f452d0beeeda,689fb64e-a4a2-45c5-b9f2-480c2155624d,4
e4132e2f-e65c-407f-87f1-27c416702bf2,615695d3-8ffd-4850-bcf7-944cf6d3685b,2
1fa7bc74-ee64-4aa8-8df3-f8066532eb9c,80eda933-749d-4fc6-91d5-613d29eb126f,2
5b13b820-a450-42d2-aaaa-a8a9c5fbd48c,37e0062f-bd15-4c3e-b272-558a86d90598,1
8a7d1bfe-b9b2-4aae-9455-9533214ce43e,e2e78dfc-f25c-4fec-a002-8e280d61a2f2,2
fc78eeaa-1ffc-480d-910d-02b487109fa8,843b6553-dc6a-4fc4-bceb-02cd39af0168,4
4d1f5b81-0ccc-4204-a6c8-f78c74882ded,fb0e8be7-5ac4-4a76-a1fa-2cc4bf0b2d80,4
4c0ffd68-11fc-4dcd-b979-c910412a16bf,e706ab70-b396-4d30-a6b2-a1ccf3625b52,1
5741e351-3124-4de7-9dff-01a448e7dfd4,05df0866-1a66-41d8-9ed7-e2bbcddd6a3d,4
939767ac-357a-4bec-91f8-a7b25edd46c9,80eda933-749d-4fc6-91d5-613d29eb126f,4
9dfcd309-494d-49bb-8e85-ad176efff081,e8b6528e-a830-4d03-a027-473b411c7f02,2
dc3c0681-9e42-4041-a2eb-576324037da3,e2e78dfc-f25c-4fec-a002-8e280d61a2f2,1
8742e74e-c54e-4264-a3f2-7dd301072523,fb0e8be7-5ac4-4a76-a1fa-2cc4bf0b2d80,4
5f16fb3f-aa26-4cdc-8de6-e86c96dc842f,55c6a062-5f4a-4a8b-a8e5-05ea5e6715a3,2
7f999c60-f004-4b75-8851-72498dfa47fc,58b575f2-2192-4a53-9d21-df9a0c14fc25,2
2db8d59b-1470-4cd3-8be6-c96a82480240,5b50b820-1d0a-4231-9422-75e7f6b0cecf,1
7f999c60-f004-4b75-8851-72498dfa47fc,689fb64e-a4a2-45c5-b9f2-480c2155624d,4
5a87daee-97d3-4676-9f53-58bfb7042ca4,05df0866-1a66-41d8-9ed7-e2bbcddd6a3d,1
9da202ba-64b2-4c8c-bab7-7cfc56a3410c,615695d3-8ffd-4850-bcf7-944cf6d3685b,4
03b5ede7-4f3e-4d17-a326-be5e27338501,a88a23ef-679c-4743-b151-dc7722040d8c,3
d13a5859-35dd-4e23-9601-6bfef26a0ded,d3e228db-8ca5-42ad-bb0a-2148e876cc59,1
c57a3e41-2e01-4529-a904-054657859dd7,a88a23ef-679c-4743-b151-dc7722040d8c,2
b12b922c-5b91-4dff-a7c5-839e42584ef3,64d39754-03e4-4fa0-b1ea-5f4293315f67,4
3dd8be7e-c2c0-4141-953f-1ce79cff87b8,6f3a3072-a24d-4d11-9cef-25b0b5f8a4af,3
b9523b83-4b6f-41d3-8681-b946313ac6c3,e8b6528e-a830-4d03-a027-473b411c7f02,4
03232fbc-033a-4ba9-b0d7-195b987682ef,615695d3-8ffd-4850-bcf7-944cf6d3685b,2
09853043-de2b-4ab4-a47a-4cb90a13a27e,e5ee99b6-519f-4218-8b41-62f48f59f700,1
cad92df1-0b1a-4827-a1fc-f20cece591dd,b66a7143-c18a-43bb-b5dc-06bb5d1d3160,3
951d80a3-2947-4ec2-a5a4-c633662d25e9,80eda933-749d-4fc6-91d5-613d29eb126f,2
484655dc-c294-4f4a-9ac4-de88a2e440e3,a88a23ef-679c-4743-b151-dc7722040d8c,4
ab62de1b-c41d-4dd0-a723-cbadfe62e864,689fb64e-a4a2-45c5-b9f2-480c2155624d,1
08f64f64-8cd5-491a-a5a9-80ffd3321fc9,a88a23ef-679c-4743-b151-dc7722040d8c,1
53aa67bb-9718-44bf-8b08-dc5e853a7166,05df0866-1a66-41d8-9ed7-e2bbcddd6a3d,2
2affb750-b1d9-4b84-b612-8381435bc669,e2e78dfc-f25c-4fec-a002-8e280d61a2f2,2
191f7ddb-6fac-4ced-905c-307b6b8a1f29,615695d3-8ffd-4850-bcf7-944cf6d3685b,4
97c51e08-8026-44cb-af4b-15f8011e4931,37e0062f-bd15-4c3e-b272-558a86d90598,2
4a67cffa-e7bc-4d30-bc97-f2c9a71334d1,843b6553-dc6a-4fc4-bceb-02cd39af0168,3
cc2bd924-fb17-408c-93b5-cc01cf8e9ef0,b86ae24b-6f59-47e8-8adc-b17d88cbd367,3
71c94abb-281b-44d8-b082-7848ae8e88d8,bb19d194-e1bd-4358-819e-cd1f1b401c0c,3
3fb5a1fd-bf02-4ca0-bb26-4ff4c4a4af74,b66a7143-c18a-43bb-b5dc-06bb5d1d3160,4
08a14677-500a-4814-a60a-d83c3f6a8a37,55c6a062-5f4a-4a8b-a8e5-05ea5e6715a3,3
2e40bfc1-f035-4617-a12b-da047e4578c3,615695d3-8ffd-4850-bcf7-944cf6d3685b,1
0ec01f36-fc49-456b-8ca5-7a7d5ea50df5,4cda01b9-62e2-46c5-830f-b7f262a58fb1,1
a86318cc-892b-4ea0-a031-da15ad2e52ed,615695d3-8ffd-4850-bcf7-944cf6d3685b,4
c08e2beb-24ee-4915-8668-dabe2306c6ca,e18f33a6-b89a-4fbc-82ad-ccba5bb261cc,4
73bfa842-99f9-4181-883f-08b7795cb167,e5ee99b6-519f-4218-8b41-62f48f59f700,3
ea907a0e-c27d-4d44-878c-1d2a9e54b740,5b50b820-1d0a-4231-9422-75e7f6b0cecf,3
cb9cd4d2-3bce-4173-8303-62e581e91ac7,55c6a062-5f4a-4a8b-a8e5-05ea5e6715a3,3
6f89159f-8046-4bae-a680-34ca13c9d4fa,689fb64e-a4a2-45c5-b9f2-480c2155624d,4
f6881473-8927-4504-8ba0-3acecf098b5c,689fb64e-a4a2-45c5-b9f2-480c2155624d,2
4c19a2cf-ac71-4c7b-b629-b61373a75db6,e8b6528e-a830-4d03-a027-473b411c7f02,2
e85b50e8-357e-45ff-8b8d-1890b9b7d0f0,579f4cd0-1f45-49d2-af55-9ab2b72c3b35,1
08a14677-500a-4814-a60a-d83c3f6a8a37,fb0e8be7-5ac4-4a76-a1fa-2cc4bf0b2d80,4
08f64f64-8cd5-491a-a5a9-80ffd3321fc9,c7050c3b-a898-424d-8d98-ab0aaad7bef4,1
682824be-efb5-4ff6-a61b-70342f7d7606,fb0e8be7-5ac4-4a76-a1fa-2cc4bf0b2d80,1
eddb6163-e96d-4f8f-98c6-76393a96dbbf,5ceddd13-cf00-481f-9285-8340ab95d06d,1
bff70480-5298-4218-8cac-4f825b082bf5,55c6a062-5f4a-4a8b-a8e5-05ea5e6715a3,3
a7cf9a95-2f89-4c41-bc7d-1ba891946f76,4cda01b9-62e2-46c5-830f-b7f262a58fb1,3
0322c87a-dccc-4c1d-a639-2404c00c7871,bb19d194-e1bd-4358-819e-cd1f1b401c0c,2
03232fbc-033a-4ba9-b0d7-195b987682ef,5ceddd13-cf00-481f-9285-8340ab95d06d,3
3e28eae3-bfb3-4f56-aeea-5a8d8fd399d2,be49171b-9f72-4fc9-bf7a-9a52e259836b,3
40dceee3-31ce-450b-b55d-09099de1a8fb,689fb64e-a4a2-45c5-b9f2-480c2155624d,2
5c309f46-440b-4cd5-a908-862c72e008b2,689fb64e-a4a2-45c5-b9f2-480c2155624d,1
7cbec68e-07c8-4476-86b4-90549db95454,b66a7143-c18a-43bb-b5dc-06bb5d1d3160,2
e2729b7d-e313-4a6f-9444-f7f65ae8db9a,58b575f2-2192-4a53-9d21-df9a0c14fc25,4
ea907a0e-c27d-4d44-878c-1d2a9e54b740,6f3a3072-a24d-4d11-9cef-25b0b5f8a4af,2
bff70480-5298-4218-8cac-4f825b082bf5,e706ab70-b396-4d30-a6b2-a1ccf3625b52,2
f9cdbb13-c633-4867-bcb0-284d9a583781,74aeb414-e3dd-4e8a-beef-0fa45225214d,1
f47e999f-0933-4903-bd76-2154b7fdc18c,05df0866-1a66-41d8-9ed7-e2bbcddd6a3d,4
bd1b29ee-5f35-4a9f-94a5-9faaae412e12,37e0062f-bd15-4c3e-b272-558a86d90598,1
2ebd594f-3b44-4b66-87f0-5b2c321086d1,e5ee99b6-519f-4218-8b41-62f48f59f700,1
7cbec68e-07c8-4476-86b4-90549db95454,e8b6528e-a830-4d03-a027-473b411c7f02,2
99127f5a-b3a4-440e-87c1-c78861ac2ca8,843b6553-dc6a-4fc4-bceb-02cd39af0168,1
90ffdce6-ac7d-46e1-b2b1-310b41b2c789,a88a23ef-679c-4743-b151-dc7722040d8c,1
ab62de1b-c41d-4dd0-a723-cbadfe62e864,74aeb414-e3dd-4e8a-beef-0fa45225214d,4
484655dc-c294-4f4a-9ac4-de88a2e440e3,e5ee99b6-519f-4218-8b41-62f48f59f700,3
bbb8264e-cb71-4967-8033-60d7a52ad2fc,80eda933-749d-4fc6-91d5-613d29eb126f,1
1559d243-a71a-4568-ac1b-a6175099e006,d3e228db-8ca5-42ad-bb0a-2148e876cc59,4
67ae065f-0e88-4dcd-bf78-95f5f4613c69,e706ab70-b396-4d30-a6b2-a1ccf3625b52,4
e2510e94-b61f-4d8f-bf5f-7c13f609f272,e8b6528e-a830-4d03-a027-473b411c7f02,3
e9891ca7-3306-4f75-93fd-c04b976f9641,05df0866-1a66-41d8-9ed7-e2bbcddd6a3d,4
f3ab84e6-dec5-43b4-9aa7-45b9988bff58,615695d3-8ffd-4850-bcf7-944cf6d3685b,4
4c19a2cf-ac71-4c7b-b629-b61373a75db6,55c6a062-5f4a-4a8b-a8e5-05ea5e6715a3,4
2973c405-100e-4ece-af7f-077783132b3c,be49171b-9f72-4fc9-bf7a-9a52e259836b,4
3fb5a1fd-bf02-4ca0-bb26-4ff4c4a4af74,689fb64e-a4a2-45c5-b9f2-480c2155624d,3
cec02b6d-c997-4cad-8ab8-141c7a30aaf0,d3e228db-8ca5-42ad-bb0a-2148e876cc59,4
0b926971-0595-47de-a881-26c82d880ed4,6f3a3072-a24d-4d11-9cef-25b0b5f8a4af,1
843b5729-e193-4a16-834e-7447e35a37c8,b86ae24b-6f59-47e8-8adc-b17d88cbd367,4
f5e96989-b540-486f-bb13-1f4297c194bd,c17e63f7-0d28-4a95-8248-b01ea354840e,3
fe655286-6400-456f-ad0f-c61554d8988b,c7050c3b-a898-424d-8d98-ab0aaad7bef4,3
ba9fa0c5-4631-42dc-9e4f-1dbbaafcb85c,c7050c3b-a898-424d-8d98-ab0aaad7bef4,2
da8cbe31-46f8-4b5c-806a-11ba9c40df9a,05df0866-1a66-41d8-9ed7-e2bbcddd6a3d,1
ab62de1b-c41d-4dd0-a723-cbadfe62e864,bb19d194-e1bd-4358-819e-cd1f1b401c0c,4
273c575f-a41c-428f-80b0-a97985793b00,5ceddd13-cf00-481f-9285-8340ab95d06d,2
951d80a3-2947-4ec2-a5a4-c633662d25e9,fb0e8be7-5ac4-4a76-a1fa-2cc4bf0b2d80,3
62f9cc25-a60a-4a87-a7d8-79f9f70ef6a3,4cda01b9-62e2-46c5-830f-b7f262a58fb1,3
a2c0226b-46d1-4100-9eff-f9d5b3255850,37e0062f-bd15-4c3e-b272-558a86d90598,3
841074bf-571a-43a6-963c-ba7cbdb26c85,689fb64e-a4a2-45c5-b9f2-480c2155624d,4
859841a2-a2fa-4d7b-a749-8cd37b31b1ed,c7050c3b-a898-424d-8d98-ab0aaad7bef4,3
2bfad5b6-b4ad-47e2-a316-8b7dc7fbc246,579f4cd0-1f45-49d2-af55-9ab2b72c3b35,1
32726aa6-2175-4fc7-856b-512f61c70dc1,e2e78dfc-f25c-4fec-a002-8e280d61a2f2,1
f6881473-8927-4504-8ba0-3acecf098b5c,be49171b-9f72-4fc9-bf7a-9a52e259836b,2
551f91e6-bce3-4fb5-8dd6-782ff140480d,58b575f2-2192-4a53-9d21-df9a0c14fc25,4
d1020671-7cdf-493c-b008-c48535415611,b86ae24b-6f59-47e8-8adc-b17d88cbd367,4
d99dab56-7aa3-4eca-869c-946bca5e6811,b66a7143-c18a-43bb-b5dc-06bb5d1d3160,3
82e2a7d2-d8c2-4b37-9f18-bba82f31c5b2,be49171b-9f72-4fc9-bf7a-9a52e259836b,3
538284dd-13b3-44b9-94a6-28aeb4f04475,c17e63f7-0d28-4a95-8248-b01ea354840e,4
50c99578-5773-4467-ab2b-3105a8f51645,b86ae24b-6f59-47e8-8adc-b17d88cbd367,2
12a416f6-08d4-4db5-953e-d683ca9081f6,be49171b-9f72-4fc9-bf7a-9a52e259836b,1
4c128667-aa7c-41be-b9dd-bb5a1164e6f0,35550082-a52d-4301-8f06-05b30f6f3616,1
2ebd594f-3b44-4b66-87f0-5b2c321086d1,e706ab70-b396-4d30-a6b2-a1ccf3625b52,1
d9cc0f2f-0be3-4cfc-bec0-fd97eb7977d6,c17e63f7-0d28-4a95-8248-b01ea354840e,3
f9d41e2a-81fa-400d-930f-a960c3135db9,e5ee99b6-519f-4218-8b41-62f48f59f700,2
b249a133-9d0d-4897-9ee3-0226e76914dc,05df0866-1a66-41d8-9ed7-e2bbcddd6a3d,1
9d24b74d-0aaf-45ab-954e-5d8e435a3366,a88a23ef-679c-4743-b151-dc7722040d8c,4
3af487e1-401f-4269-a6a8-afd4d88c780c,d3e228db-8ca5-42ad-bb0a-2148e876cc59,1
82e2a7d2-d8c2-4b37-9f18-bba82f31c5b2,bb19d194-e1bd-4358-819e-cd1f1b401c0c,2
bd1b29ee-5f35-4a9f-94a5-9faaae412e12,a88a23ef-679c-4743-b151-dc7722040d8c,4
7d0f805e-b354-4c27-b55d-310e49d06e4e,e18f33a6-b89a-4fbc-82ad-ccba5bb261cc,3
9eb8e518-6851-453b-98b9-cd5c38f4f80f,5b50b820-1d0a-4231-9422-75e7f6b0cecf,2
44551048-9048-4764-91f1-5c2bb6928f8a,e2e78dfc-f25c-4fec-a002-8e280d61a2f2,3
cc5d3269-258b-4661-b83e-6aaba676fb46,b66a7143-c18a-43bb-b5dc-06bb5d1d3160,2
85a88715-9eef-486b-9494-82989ee3b483,fb0e8be7-5ac4-4a76-a1fa-2cc4bf0b2d80,4
ba9fa0c5-4631-42dc-9e4f-1dbbaafcb85c,d3e228db-8ca5-42ad-bb0a-2148e876cc59,4
dbfaf983-63e8-4246-899b-f0689e54ea56,be49171b-9f72-4fc9-bf7a-9a52e259836b,4
b0d93ef1-d63c-4f47-b3d6-8c20ff25e4e2,74aeb414-e3dd-4e8a-beef-0fa45225214d,3
42ec61e5-e1ff-4dee-b507-3e466e5d1768,c17e63f7-0d28-4a95-8248-b01ea354840e,2
1ee4b2c1-1928-49aa-8552-88d946853143,c7050c3b-a898-424d-8d98-ab0aaad7bef4,2
d1f27bac-ff50-489e-a5e0-12fd99fcf3e8,5b50b820-1d0a-4231-9422-75e7f6b0cecf,1
03b5ede7-4f3e-4d17-a326-be5e27338501,64d39754-03e4-4fa0-b1ea-5f4293315f67,1
867b34a7-c143-45ec-81db-705506a9578b,80eda933-749d-4fc6-91d5-613d29eb126f,3
b6f9c559-8c79-409f-963f-2499e5ad315e,689fb64e-a4a2-45c5-b9f2-480c2155624d,4
88971e55-2d81-493c-bd7f-2e1efc4c0153,843b6553-dc6a-4fc4-bceb-02cd39af0168,3
484655dc-c294-4f4a-9ac4-de88a2e440e3,843b6553-dc6a-4fc4-bceb-02cd39af0168,3
50c99578-5773-4467-ab2b-3105a8f51645,37e0062f-bd15-4c3e-b272-558a86d90598,1
b245fe74-2070-4203-848c-85d4b59f8eef,e5ee99b6-519f-4218-8b41-62f48f59f700,3
89e6f87a-1347-4670-9cb6-8873c4ae0bca,b66a7143-c18a-43bb-b5dc-06bb5d1d3160,4
27897d11-f7a3-424a-bc4b-50c0487d12d1,55c6a062-5f4a-4a8b-a8e5-05ea5e6715a3,4
e03c0b27-dcb0-4b48-a36e-1c5f013d11d9,c17e63f7-0d28-4a95-8248-b01ea354840e,1
431ed9a0-8475-4928-a7b2-81db3f1a2dea,fb0e8be7-5ac4-4a76-a1fa-2cc4bf0b2d80,1
c20d15c3-b463-49d9-a114-905c83bbf357,55c6a062-5f4a-4a8b-a8e5-05ea5e6715a3,4
3af487e1-401f-4269-a6a8-afd4d88c780c,689fb64e-a4a2-45c5-b9f2-480c2155624d,2
96b4a784-2348-428c-bf1a-b1622c88d0d7,80eda933-749d-4fc6-91d5-613d29eb126f,2
a132ed5c-7140-41f5-8eb1-992b7aeae11b,fb0e8be7-5ac4-4a76-a1fa-2cc4bf0b2d80,3
8a7d1bfe-b9b2-4aae-9455-9533214ce43e,74aeb414-e3dd-4e8a-beef-0fa45225214d,3
fd47d88b-69d6-403b-bf53-b108819098f0,e18f33a6-b89a-4fbc-82ad-ccba5bb261cc,3
041ecc00-a968-4118-afd5-84093c4e7356,d3e228db-8ca5-42ad-bb0a-2148e876cc59,1
8502b2de-ada6-4a20-8625-092835744bd8,615695d3-8ffd-4850-bcf7-944cf6d3685b,2
0f7d97e4-6093-489d-b338-e98397482ff3,615695d3-8ffd-4850-bcf7-944cf6d3685b,3
85a88715-9eef-486b-9494-82989ee3b483,e706ab70-b396-4d30-a6b2-a1ccf3625b52,3
63505de8-b2e8-4588-8f0d-b1121bfb75f8,5ceddd13-cf00-481f-9285-8340ab95d06d,4
7db78274-d998-408b-9c97-83f22373c9ea,5ceddd13-cf00-481f-9285-8340ab95d06d,3
87a0f788-bba9-40b9-8c39-7df9d4dece24,e706ab70-b396-4d30-a6b2-a1ccf3625b52,1
2fafb5c6-5200-4d9a-af6b-b6517667a1ea,fb0e8be7-5ac4-4a76-a1fa-2cc4bf0b2d80,3
a5db4fd7-bc7c-47d6-a162-e613d905ec82,b66a7143-c18a-43bb-b5dc-06bb5d1d3160,3
7d0f805e-b354-4c27-b55d-310e49d06e4e,bb19d194-e1bd-4358-819e-cd1f1b401c0c,3
349b5ed3-cac3-401f-aef3-290bc0b8d5d7,615695d3-8ffd-4850-bcf7-944cf6d3685b,1
5b13b820-a450-42d2-aaaa-a8a9c5fbd48c,843b6553-dc6a-4fc4-bceb-02cd39af0168,2
32bd64c8-5e08-472f-b41e-f8af1d345763,5ceddd13-cf00-481f-9285-8340ab95d06d,1
e1ecd50e-033d-4d0c-bcff-137c2eb494dd,c17e63f7-0d28-4a95-8248-b01ea354840e,1
bc247c35-1e4f-453a-af60-f14218a219b5,be49171b-9f72-4fc9-bf7a-9a52e259836b,4
40dceee3-31ce-450b-b55d-09099de1a8fb,c7050c3b-a898-424d-8d98-ab0aaad7bef4,3
d9ec4e76-e7c0-4457-b6e2-a025abea6b9a,37e0062f-bd15-4c3e-b272-558a86d90598,2
4aca1a9f-2fdc-49ce-8055-f178ffaff195,e706ab70-b396-4d30-a6b2-a1ccf3625b52,2
0322c87a-dccc-4c1d-a639-2404c00c7871,689fb64e-a4a2-45c5-b9f2-480c2155624d,3
0b926971-0595-47de-a881-26c82d880ed4,37e0062f-bd15-4c3e-b272-558a86d90598,4
29d20dcd-d0c4-4bca-a52d-fc9363b5d7c6,e2e78dfc-f25c-4fec-a002-8e280d61a2f2,1
62f9cc25-a60a-4a87-a7d8-79f9f70ef6a3,64d39754-03e4-4fa0-b1ea-5f4293315f67,4
80768346-2426-4f4a-a8ba-4f7768139f94,74aeb414-e3dd-4e8a-beef-0fa45225214d,4
fd47d88b-69d6-403b-bf53-b108819098f0,d3e228db-8ca5-42ad-bb0a-2148e876cc59,1
92d3887f-6f9e-4e3f-85a8-3da52d46cd45,bb19d194-e1bd-4358-819e-cd1f1b401c0c,2
973443f0-e2ff-472c-8469-f452d0beeeda,05df0866-1a66-41d8-9ed7-e2bbcddd6a3d,4
d6c0fab7-7510-49cc-bd20-c4d139cc63b7,b86ae24b-6f59-47e8-8adc-b17d88cbd367,4
cf9e7988-a925-4015-baf3-7a0f9e494291,a88a23ef-679c-4743-b151-dc7722040d8c,4
15f26002-ee82-4855-a9d7-d55ff3f1a85b,579f4cd0-1f45-49d2-af55-9ab2b72c3b35,1
032b02a8-84fe-4c54-950a-e5757021ecc2,4cda01b9-62e2-46c5-830f-b7f262a58fb1,1
adfbf8f4-16df-4e8e-845c-1c1efa5f69d9,615695d3-8ffd-4850-bcf7-944cf6d3685b,2
b8674a2e-e825-4cde-8885-959b55d86c1a,fb0e8be7-5ac4-4a76-a1fa-2cc4bf0b2d80,4
3fb5a1fd-bf02-4ca0-bb26-4ff4c4a4af74,d3e228db-8ca5-42ad-bb0a-2148e876cc59,1
97c51e08-8026-44cb-af4b-15f8011e4931,e8b6528e-a830-4d03-a027-473b411c7f02,1
e03c0b27-dcb0-4b48-a36e-1c5f013d11d9,74aeb414-e3dd-4e8a-beef-0fa45225214d,1
002f22d6-25a3-48e4-aaa9-36be31e57185,689fb64e-a4a2-45c5-b9f2-480c2155624d,2
a5db4fd7-bc7c-47d6-a162-e613d905ec82,579f4cd0-1f45-49d2-af55-9ab2b72c3b35,2
914b8929-e04a-40f8-86ee-357f2be3a2a2,b66a7143-c18a-43bb-b5dc-06bb5d1d3160,2
4f4b3ac9-1308-4115-b7d7-abe956e17565,e8b6528e-a830-4d03-a027-473b411c7f02,4
2fafb5c6-5200-4d9a-af6b-b6517667a1ea,35550082-a52d-4301-8f06-05b30f6f3616,4
e4926154-3efe-4c30-860a-5cbb7f97490b,55c6a062-5f4a-4a8b-a8e5-05ea5e6715a3,3
0ac61965-6392-4fe3-bb4f-292438c37de0,37e0062f-bd15-4c3e-b272-558a86d90598,2
bff70480-5298-4218-8cac-4f825b082bf5,615695d3-8ffd-4850-bcf7-944cf6d3685b,1
0976f5e0-829b-4111-9ae8-3c444a1b26eb,e18f33a6-b89a-4fbc-82ad-ccba5bb261cc,2
273c575f-a41c-428f-80b0-a97985793b00,64d39754-03e4-4fa0-b1ea-5f4293315f67,4
56d043f8-afaf-4a6e-a4d3-8fbd01d8858b,d3e228db-8ca5-42ad-bb0a-2148e876cc59,2
89e6f87a-1347-4670-9cb6-8873c4ae0bca,05df0866-1a66-41d8-9ed7-e2bbcddd6a3d,3
56d043f8-afaf-4a6e-a4d3-8fbd01d8858b,843b6553-dc6a-4fc4-bceb-02cd39af0168,3
eb27dbeb-ffe0-439c-a9cd-f32c221330d9,6f3a3072-a24d-4d11-9cef-25b0b5f8a4af,2
fd47d88b-69d6-403b-bf53-b108819098f0,35550082-a52d-4301-8f06-05b30f6f3616,2
9eb8e518-6851-453b-98b9-cd5c38f4f80f,e5ee99b6-519f-4218-8b41-62f48f59f700,4
e36cd6af-75e4-4182-8ce4-e3a5323bbf2b,e706ab70-b396-4d30-a6b2-a1ccf3625b52,2
da8cbe31-46f8-4b5c-806a-11ba9c40df9a,5b50b820-1d0a-4231-9422-75e7f6b0cecf,3
ba6390f1-e352-4fd5-9f1e-b350214c4124,843b6553-dc6a-4fc4-bceb-02cd39af0168,4
859841a2-a2fa-4d7b-a749-8cd37b31b1ed,c17e63f7-0d28-4a95-8248-b01ea354840e,3
b0d93ef1-d63c-4f47-b3d6-8c20ff25e4e2,579f4cd0-1f45-49d2-af55-9ab2b72c3b35,4
d6ae6182-1c85-4b8e-a7a0-d150b08cab27,4cda01b9-62e2-46c5-830f-b7f262a58fb1,2
f5df9a3a-9a21-4648-a03f-bdaf633969e4,4cda01b9-62e2-46c5-830f-b7f262a58fb1,4
bff70480-5298-4218-8cac-4f825b082bf5,80eda933-749d-4fc6-91d5-613d29eb126f,1
885ebd5d-6a82-4802-a241-2e52e223df5a,b66a7143-c18a-43bb-b5dc-06bb5d1d3160,1
b7e548f6-8f59-4552-8577-e0b895c858b4,5ceddd13-cf00-481f-9285-8340ab95d06d,1
c0873253-7827-4831-aa92-19c38372e58d,05df0866-1a66-41d8-9ed7-e2bbcddd6a3d,2
3944bd76-a630-4f50-9f41-b4e985b520ca,c17e63f7-0d28-4a95-8248-b01ea354840e,3
10408b83-26cc-4eb8-bd08-38435207099e,a88a23ef-679c-4743-b151-dc7722040d8c,3
fd47d88b-69d6-403b-bf53-b108819098f0,e5ee99b6-519f-4218-8b41-62f48f59f700,1
03b5ede7-4f3e-4d17-a326-be5e27338501,05df0866-1a66-41d8-9ed7-e2bbcddd6a3d,2
d01dd09a-42bf-4987-af15-960fda67b02a,e5ee99b6-519f-4218-8b41-62f48f59f700,1
bd1b29ee-5f35-4a9f-94a5-9faaae412e12,d3e228db-8ca5-42ad-bb0a-2148e876cc59,3
67ae065f-0e88-4dcd-bf78-95f5f4613c69,5b50b820-1d0a-4231-9422-75e7f6b0cecf,2
3af487e1-401f-4269-a6a8-afd4d88c780c,35550082-a52d-4301-8f06-05b30f6f3616,3
fae3a36e-1707-441b-8ff8-7b6afeb278f6,e8b6528e-a830-4d03-a027-473b411c7f02,2
7148959b-5081-4702-83c5-d262cc357eae,be49171b-9f72-4fc9-bf7a-9a52e259836b,2
08cbcbdc-781b-434d-a70b-4955117596a1,c7050c3b-a898-424d-8d98-ab0aaad7bef4,3
96a0cf17-5d93-4476-b836-ec6c8c7a9b21,bb19d194-e1bd-4358-819e-cd1f1b401c0c,2
ac999da3-2fbb-40e8-94cc-30d61d765b07,e5ee99b6-519f-4218-8b41-62f48f59f700,1
484655dc-c294-4f4a-9ac4-de88a2e440e3,579f4cd0-1f45-49d2-af55-9ab2b72c3b35,2
2db8d59b-1470-4cd3-8be6-c96a82480240,05df0866-1a66-41d8-9ed7-e2bbcddd6a3d,3
8f024856-4bf8-4117-81ac-d61f62c91158,4cda01b9-62e2-46c5-830f-b7f262a58fb1,2
d99f88df-891d-4dc9-8750-aa77271a72d4,bb19d194-e1bd-4358-819e-cd1f1b401c0c,1
4c0ffd68-11fc-4dcd-b979-c910412a16bf,37e0062f-bd15-4c3e-b272-558a86d90598,3
87a0f788-bba9-40b9-8c39-7df9d4dece24,843b6553-dc6a-4fc4-bceb-02cd39af0168,2
b08fa5c7-cb20-415f-ad6d-e0dfd1a23c65,b86ae24b-6f59-47e8-8adc-b17d88cbd367,3
9dfcd309-494d-49bb-8e85-ad176efff081,615695d3-8ffd-4850-bcf7-944cf6d3685b,3
4aca1a9f-2fdc-49ce-8055-f178ffaff195,e18f33a6-b89a-4fbc-82ad-ccba5bb261cc,4
db7957ce-8b32-41bb-868f-c8e9cce8f1a3,843b6553-dc6a-4fc4-bceb-02cd39af0168,3
0e9b8ee9-ad0a-42f4-a778-e1dd3e6f6c51,64d39754-03e4-4fa0-b1ea-5f4293315f67,3
3332bd19-5807-4a5f-8894-8f1fee628adf,e706ab70-b396-4d30-a6b2-a1ccf3625b52,4
e24985f3-2fb3-456e-a1aa-aaf88f490d70,55c6a062-5f4a-4a8b-a8e5-05ea5e6715a3,4
b0d93ef1-d63c-4f47-b3d6-8c20ff25e4e2,689fb64e-a4a2-45c5-b9f2-480c2155624d,4
7db78274-d998-408b-9c97-83f22373c9ea,74aeb414-e3dd-4e8a-beef-0fa45225214d,2
2434b44d-0df9-4d54-99ad-e259cbf9efa6,e706ab70-b396-4d30-a6b2-a1ccf3625b52,4
3e28eae3-bfb3-4f56-aeea-5a8d8fd399d2,c7050c3b-a898-424d-8d98-ab0aaad7bef4,1
b3773cdd-b925-4eda-906c-57fa5d0e5a55,689fb64e-a4a2-45c5-b9f2-480c2155624d,4
098a1247-5524-4d73-8523-551582ba39f1,b66a7143-c18a-43bb-b5dc-06bb5d1d3160,3
4187e4d5-0629-4725-8ff5-1e88bf584dc2,fb0e8be7-5ac4-4a76-a1fa-2cc4bf0b2d80,2
3fb5a1fd-bf02-4ca0-bb26-4ff4c4a4af74,e706ab70-b396-4d30-a6b2-a1ccf3625b52,4
d99dab56-7aa3-4eca-869c-946bca5e6811,74aeb414-e3dd-4e8a-beef-0fa45225214d,1
eb047506-bf59-4d29-b134-6a9d80235f3f,b86ae24b-6f59-47e8-8adc-b17d88cbd367,3
19f1c3c5-3840-4d33-8d88-30fad93fa25e,58b575f2-2192-4a53-9d21-df9a0c14fc25,1
e3965ae6-8792-422f-bae0-ecbce4da50aa,74aeb414-e3dd-4e8a-beef-0fa45225214d,3
ec11cc26-50d8-47bd-8ed0-20587214ba7d,58b575f2-2192-4a53-9d21-df9a0c14fc25,1
97c51e08-8026-44cb-af4b-15f8011e4931,689fb64e-a4a2-45c5-b9f2-480c2155624d,4
6f89159f-8046-4bae-a680-34ca13c9d4fa,d3e228db-8ca5-42ad-bb0a-2148e876cc59,3
4f4b3ac9-1308-4115-b7d7-abe956e17565,c7050c3b-a898-424d-8d98-ab0aaad7bef4,2
fca7f7c7-e7cb-4207-b3c3-dcca5f4b633b,74aeb414-e3dd-4e8a-beef-0fa45225214d,2
23a3e7b2-abb0-4642-9291-4af619ae2d3c,c7050c3b-a898-424d-8d98-ab0aaad7bef4,2
d0cc9fd6-0ce6-42a4-a77e-fabb1b0962da,5ceddd13-cf00-481f-9285-8340ab95d06d,4
32bd64c8-5e08-472f-b41e-f8af1d345763,74aeb414-e3dd-4e8a-beef-0fa45225214d,3
333db7e3-aba5-4988-b61f-ced40037b5c8,4cda01b9-62e2-46c5-830f-b7f262a58fb1,3
69804412-006d-40a8-909a-d68710725db6,37e0062f-bd15-4c3e-b272-558a86d90598,1
a2c0226b-46d1-4100-9eff-f9d5b3255850,843b6553-dc6a-4fc4-bceb-02cd39af0168,1
8329a65b-7ddf-4250-aeee-bd625f8a401a,579f4cd0-1f45-49d2-af55-9ab2b72c3b35,3
fd47d88b-69d6-403b-bf53-b108819098f0,80eda933-749d-4fc6-91d5-613d29eb126f,2
2795df92-ee7d-4992-bab2-15dbb2b2ab36,74aeb414-e3dd-4e8a-beef-0fa45225214d,2
fc78eeaa-1ffc-480d-910d-02b487109fa8,e8b6528e-a830-4d03-a027-473b411c7f02,1
951d80a3-2947-4ec2-a5a4-c633662d25e9,be49171b-9f72-4fc9-bf7a-9a52e259836b,1
538284dd-13b3-44b9-94a6-28aeb4f04475,e2e78dfc-f25c-4fec-a002-8e280d61a2f2,3
3f0de386-c2df-4cfe-98c1-bd986fdbd4c2,e2e78dfc-f25c-4fec-a002-8e280d61a2f2,1
9f640f78-93eb-46d3-b4c8-41ef69b03d8b,615695d3-8ffd-4850-bcf7-944cf6d3685b,1
10408b83-26cc-4eb8-bd08-38435207099e,bb19d194-e1bd-4358-819e-cd1f1b401c0c,4
299145f7-2b7f-484d-9dde-cc20602ed5f5,bb19d194-e1bd-4358-819e-cd1f1b401c0c,1
c23de9da-73a2-437f-a2c2-bd257bc692c3,80eda933-749d-4fc6-91d5-613d29eb126f,1
3895ef3d-4e4f-4793-ba7f-66743b7a7d39,b66a7143-c18a-43bb-b5dc-06bb5d1d3160,2
cad92df1-0b1a-4827-a1fc-f20cece591dd,e18f33a6-b89a-4fbc-82ad-ccba5bb261cc,3
967f96c9-adcf-4304-9295-73a9766fe51f,05df0866-1a66-41d8-9ed7-e2bbcddd6a3d,1
1eb77dda-3387-4242-ba28-0b371ea785cf,c17e63f7-0d28-4a95-8248-b01ea354840e,2
fa41614e-38dc-4cfb-ade8-4ffb9d1fed72,615695d3-8ffd-4850-bcf7-944cf6d3685b,3
35b4cbc7-b92f-400f-b292-8494dbb23567,579f4cd0-1f45-49d2-af55-9ab2b72c3b35,3
f1236409-b5f6-4e40-961c-797b850e225b,843b6553-dc6a-4fc4-bceb-02cd39af0168,1
81617893-be66-4c1e-b73e-a71ece089732,b86ae24b-6f59-47e8-8adc-b17d88cbd367,3
e9891ca7-3306-4f75-93fd-c04b976f9641,be49171b-9f72-4fc9-bf7a-9a52e259836b,4
273c575f-a41c-428f-80b0-a97985793b00,d3e228db-8ca5-42ad-bb0a-2148e876cc59,4
7db78274-d998-408b-9c97-83f22373c9ea,58b575f2-2192-4a53-9d21-df9a0c14fc25,3
6be78159-b492-4440-8bcb-950297636c0f,e2e78dfc-f25c-4fec-a002-8e280d61a2f2,4
db90b250-70b2-44d1-b20c-4d795edd020c,fb0e8be7-5ac4-4a76-a1fa-2cc4bf0b2d80,4
fca7f7c7-e7cb-4207-b3c3-dcca5f4b633b,c17e63f7-0d28-4a95-8248-b01ea354840e,4
05202733-0e17-4726-97c2-0520c024ab85,6f3a3072-a24d-4d11-9cef-25b0b5f8a4af,4
867b34a7-c143-45ec-81db-705506a9578b,74aeb414-e3dd-4e8a-beef-0fa45225214d,2
f0f5f852-5c81-4f33-a415-15b660486918,a88a23ef-679c-4743-b151-dc7722040d8c,3
da8cbe31-46f8-4b5c-806a-11ba9c40df9a,a88a23ef-679c-4743-b151-dc7722040d8c,4
f5df9a3a-9a21-4648-a03f-bdaf633969e4,c7050c3b-a898-424d-8d98-ab0aaad7bef4,3
19c066e5-c505-4814-8e68-ac6ab2971a67,6f3a3072-a24d-4d11-9cef-25b0b5f8a4af,4
e03c0b27-dcb0-4b48-a36e-1c5f013d11d9,37e0062f-bd15-4c3e-b272-558a86d90598,2
906ac891-d7a7-4d50-b4c6-c982fae2fc2d,c7050c3b-a898-424d-8d98-ab0aaad7bef4,3
6056966f-4515-4b6c-b1a6-7f55ca774b78,55c6a062-5f4a-4a8b-a8e5-05ea5e6715a3,3
b2b891d1-56c5-4876-a24f-a7961b3e1b3b,b66a7143-c18a-43bb-b5dc-06bb5d1d3160,4
2973c405-100e-4ece-af7f-077783132b3c,e8b6528e-a830-4d03-a027-473b411c7f02,2
cb9cd4d2-3bce-4173-8303-62e581e91ac7,5ceddd13-cf00-481f-9285-8340ab95d06d,2
778f8864-d993-4118-b7d6-1ea836ec6791,615695d3-8ffd-4850-bcf7-944cf6d3685b,4
2a4ce69d-8db6-48d7-b48f-719d09b0b91f,c7050c3b-a898-424d-8d98-ab0aaad7bef4,3
0b0d8f13-ca94-4686-b3d3-68ae3aa4bad3,b86ae24b-6f59-47e8-8adc-b17d88cbd367,2
915a50e8-2ca3-434b-aacb-7d633ba1bef1,fb0e8be7-5ac4-4a76-a1fa-2cc4bf0b2d80,3
f61a095b-7537-4869-aeff-1433277fa898,35550082-a52d-4301-8f06-05b30f6f3616,1
92d3887f-6f9e-4e3f-85a8-3da52d46cd45,e706ab70-b396-4d30-a6b2-a1ccf3625b52,1
2ebd594f-3b44-4b66-87f0-5b2c321086d1,b66a7143-c18a-43bb-b5dc-06bb5d1d3160,3
a11ec73d-efcb-4918-be37-fa6f812d22de,c17e63f7-0d28-4a95-8248-b01ea354840e,3
bc247c35-1e4f-453a-af60-f14218a219b5,37e0062f-bd15-4c3e-b272-558a86d90598,2
adbf3aa7-d301-46ea-873a-d8bc0d84d285,5ceddd13-cf00-481f-9285-8340ab95d06d,1
0e9b8ee9-ad0a-42f4-a778-e1dd3e6f6c51,c17e63f7-0d28-4a95-8248-b01ea354840e,1
1e5fa971-3c0e-4ae8-b5bb-63d6176b82b2,58b575f2-2192-4a53-9d21-df9a0c14fc25,2
7f999c60-f004-4b75-8851-72498dfa47fc,e706ab70-b396-4d30-a6b2-a1ccf3625b52,2
bbb8264e-cb71-4967-8033-60d7a52ad2fc,b86ae24b-6f59-47e8-8adc-b17d88cbd367,1
f67806e3-1791-404d-a445-6467318f3a0d,fb0e8be7-5ac4-4a76-a1fa-2cc4bf0b2d80,3
15f26002-ee82-4855-a9d7-d55ff3f1a85b,bb19d194-e1bd-4358-819e-cd1f1b401c0c,4
2bfad5b6-b4ad-47e2-a316-8b7dc7fbc246,5b50b820-1d0a-4231-9422-75e7f6b0cecf,2
fe655286-6400-456f-ad0f-c61554d8988b,d3e228db-8ca5-42ad-bb0a-2148e876cc59,1
cfd3e3f3-2b77-4858-b3ed-683496b33cfa,d3e228db-8ca5-42ad-bb0a-2148e876cc59,3
7cbec68e-07c8-4476-86b4-90549db95454,fb0e8be7-5ac4-4a76-a1fa-2cc4bf0b2d80,1
608b352f-dc9d-4f97-bcd3-a6f0d9b567f4,be49171b-9f72-4fc9-bf7a-9a52e259836b,4
f7379c32-fa41-43e5-b979-26053b9a60a3,843b6553-dc6a-4fc4-bceb-02cd39af0168,3
d915aef6-3ddc-465a-a27d-e9a9f01eae18,c7050c3b-a898-424d-8d98-ab0aaad7bef4,2
682824be-efb5-4ff6-a61b-70342f7d7606,6f3a3072-a24d-4d11-9cef-25b0b5f8a4af,2
34d36019-85bf-4260-9b15-1ed4d4ae3ada,5ceddd13-cf00-481f-9285-8340ab95d06d,3
38c516e8-b23a-493a-8a5c-bf7b2b9ea995,74aeb414-e3dd-4e8a-beef-0fa45225214d,3
eddb6163-e96d-4f8f-98c6-76393a96dbbf,e2e78dfc-f25c-4fec-a002-8e280d61a2f2,4
da8cbe31-46f8-4b5c-806a-11ba9c40df9a,64d39754-03e4-4fa0-b1ea-5f4293315f67,1
f67806e3-1791-404d-a445-6467318f3a0d,5ceddd13-cf00-481f-9285-8340ab95d06d,2
4d1f5b81-0ccc-4204-a6c8-f78c74882ded,5ceddd13-cf00-481f-9285-8340ab95d06d,4
12c0a32d-2471-465f-9337-14b221af4fc3,e8b6528e-a830-4d03-a027-473b411c7f02,2
d01dd09a-42bf-4987-af15-960fda67b02a,e8b6528e-a830-4d03-a027-473b411c7f02,2
adfbf8f4-16df-4e8e-845c-1c1efa5f69d9,bb19d194-e1bd-4358-819e-cd1f1b401c0c,1
6056966f-4515-4b6c-b1a6-7f55ca774b78,c17e63f7-0d28-4a95-8248-b01ea354840e,4
373c221e-275c-41aa-a334-0b2d73171fa4,58b575f2-2192-4a53-9d21-df9a0c14fc25,3
e85b50e8-357e-45ff-8b8d-1890b9b7d0f0,35550082-a52d-4301-8f06-05b30f6f3616,4
4eae9c6e-4c96-430f-b103-21203c72064f,55c6a062-5f4a-4a8b-a8e5-05ea5e6715a3,3