user_id,first_name,last_name,email,phone_number,created_at,updated_at,address_id
bbe51ac6-6687-4cbe-9178-27d96f90836b,Keslie,Hearmon,khearmon0@netvibes.com,831-155-1615,2020-10-23T20:21:57Z,2021-01-30T22:49:31Z,7a4821e6-4e7a-4894-bb35-70ffcf0c3aa8
eb8ac155-9558-47a2-ad5d-3a2518ec563c,Gerhard,Kernan,gkernan1@51.la,879-706-2066,2020-09-24T05:33:20Z,2020-10-10T06:11:13Z,dd1048ba-46a5-4d80-a7e1-b1592c161a4c
7091fe90-07da-424c-8da6-24e024503be2,Edithe,Petricek,epetricek2@purevolume.com,407-316-0158,2020-02-20T05:46:49Z,2020-05-13T08:09:47Z,4a9bcc05-a07b-4507-9d42-a2325a4844fa
ab21c3fa-34c7-4858-bee5-193775913caf,Danella,Wrankmore,dwrankmore3@europa.eu,118-153-0530,2020-04-01T11:01:25Z,2020-04-01T12:19:52Z,6b49d7c6-6ede-4a8a-ade1-ec5888c7ce14
d055abf7-ba8e-463b-975a-c5cb10f6d8eb,Timoteo,Labrenz,tlabrenz4@cisco.com,688-300-9734,2020-04-28T14:30:38Z,2020-06-03T15:22:21Z,ed96dbd0-193e-4906-ae8b-904f50bcb57a
8ac6bb3e-7dc0-4cdb-90f2-a31db50547db,Lorelle,Diego,ldiego5@nps.gov,793-208-7745,2020-03-06T03:49:34Z,2020-05-06T06:16:01Z,b2b4d6cd-3c94-40e0-99aa-9dd9ba011ca6
393de08c-725c-457a-a591-16030480eb80,Reg,Harrop,rharrop6@naver.com,215-651-1811,2020-12-18T10:25:20Z,2021-01-19T10:53:15Z,96a40097-0030-4509-bb52-b3251fdef2b6
7f7ce164-75dd-4d50-ad3f-e4d8846f3d60,Betsey,Mylan,bmylan7@cbslocal.com,939-834-5989,2020-12-02T12:13:33Z,2021-01-31T14:35:02Z,131db634-55f8-4fb6-98f3-624ec32a94b8
467a047e-c8df-4304-8fc9-949acd7bcf4a,Maris,Sperski,msperski8@comsenz.com,577-779-1973,2020-03-29T14:50:21Z,2020-05-12T17:19:14Z,1a61a755-cf38-43cd-be0d-7babfe8aaa26
9208a361-ea2f-4f75-a2b4-281b55df08a9,Johnath,Oliva,joliva9@taobao.com,498-625-6452,2020-02-11T20:00:29Z,2020-04-08T20:11:54Z,76f13d82-1273-4144-8a41-45fc836c3540
51d453ca-8147-49eb-a874-8139855727e7,Hermon,Wallentin,hwallentina@google.fr,526-580-6252,2020-02-11T10:30:18Z,2020-03-30T12:54:44Z,118d2c47-6c92-44b3-a52a-c58dac57adf2
b9287f6c-c865-49bb-a3c9-da47bbdf3a90,Chrissie,Cooch,ccoochb@imageshack.us,276-324-3787,2020-05-04T05:36:37Z,2020-05-28T07:37:03Z,04ac071b-da39-463c-ac62-e996547407c9
ab6cf98c-c16e-41b7-88ab-31f4db64caa2,Reider,McBratney,rmcbratneyc@hibu.com,728-793-1630,2020-11-25T19:30:42Z,2021-02-16T21:27:46Z,965dbeea-a6d5-467d-9683-914b744ad1ef
5943d612-56e1-449a-b891-c501bcea5c34,Noellyn,Glisenan,nglisenand@gmpg.org,551-716-3772,2020-04-18T06:27:22Z,2020-07-09T07:11:21Z,5eadcadd-a524-443f-8fcb-d0ef1981da0a
82a0b2f1-4124-4330-977b-9bddba44ec13,Egan,Gorini,egorinie@yolasite.com,198-746-1391,2020-01-17T04:30:01Z,2020-03-31T05:53:00Z,bfee6b0f-d8ea-4626-9786-a0e1497bd07b
dc41b3dc-c270-46ce-a7b7-1f27c178765c,Daveta,Webborn,dwebbornf@loc.gov,602-434-1475,2020-09-01T11:48:06Z,2020-11-07T13:40:43Z,b2b4d6cd-3c94-40e0-99aa-9dd9ba011ca6
1df78ad9-9493-4ce9-b1ad-776f26650417,Monro,Chamberlen,mchamberleng@msn.com,659-441-8682,2020-01-05T03:27:27Z,2020-01-15T03:39:23Z,7ae529bf-b9d0-47ee-acd0-d55e0e6a0d32
e3302139-c0ba-4715-9c35-68dde8347b56,Iormina,Ashlee,iashleeh@linkedin.com,156-469-8641,2020-05-12T05:02:27Z,2020-08-01T06:50:34Z,4934ebb8-8950-4bd0-87ba-a1532716e54d
e512189a-15a2-4325-b41d-6092f5c03bc9,Verina,Segoe,vsegoei@geocities.jp,559-536-6443,2020-08-24T12:52:18Z,2020-09-20T15:30:23Z,53983579-4a64-432a-941e-c3d9c886bd77
1084cc0c-3ee1-42d2-aa29-368474bd1579,Angelico,Lenham,alenhamj@google.nl,991-354-9667,2020-08-31T16:43:25Z,2020-10-02T18:12:48Z,dfc2941f-aef1-4c70-a7f6-8105dda578f5
4fe02f4f-f3d6-4068-853d-158cc64f0c65,Matty,Rays,mraysk@vinaora.com,980-177-3162,2020-01-21T03:34:40Z,2020-04-02T05:38:57Z,b5d85492-b403-4f52-a42b-4363716f4cfb
c3a44de4-e6c8-4d02-93df-aff409356087,Eleonora,Pinor,epinorl@infoseek.co.jp,104-830-5926,2020-09-09T19:11:23Z,2020-11-19T19:14:56Z,9b6a4ed6-6c27-4102-8d5f-5db7435e80ee
5eb03e58-d3d1-47f9-87bc-b0184556c02d,Violet,Isacoff,visacoffm@ebay.co.uk,833-768-7276,2020-05-13T03:42:00Z,2020-06-10T05:32:40Z,6b49d7c6-6ede-4a8a-ade1-ec5888c7ce14
aa2bd310-8be1-4b6c-a852-2789d8652ac7,Kaja,Malecky,kmaleckyn@princeton.edu,502-635-5352,2020-04-13T14:59:31Z,2020-05-03T17:28:08Z,8a46a3e5-4428-4744-855c-19d435fcf7af
5a9d6641-6ca6-48f0-af45-f411750f611a,Ariel,Cartledge,acartledgeo@ucoz.com,421-237-6728,2020-12-17T13:52:25Z,2021-01-09T15:38:24Z,9285957a-e1fd-4205-960e-f739a9c7dfd2
d550fa36-ab93-4a07-a7ad-bb6f395b5a50,Kip,Jennaway,kjennawayp@slideshare.net,727-494-8394,2020-04-03T19:39:39Z,2020-06-17T20:58:28Z,0c9ee6c6-4869-40aa-afd3-087cee73c051
4340de09-99b5-451b-ada3-168228a08cf9,Doti,Prophet,dprophetq@g.co,434-163-7555,2020-08-24T10:00:49Z,2020-09-24T11:05:33Z,eda39524-e26b-46b0-b628-af063f46f3d9
29246f52-de26-4867-b464-7c5973526202,Chico,McGovern,cmcgovernr@apple.com,527-103-3044,2020-07-11T05:36:32Z,2020-09-19T07:18:24Z,965dbeea-a6d5-467d-9683-914b744ad1ef
02414bff-285d-4008-9352-ad50839b729f,Consalve,Terran,cterrans@networksolutions.com,611-363-2349,2020-02-22T18:55:58Z,2020-04-28T18:59:34Z,1c6e9a5c-3fa8-4ac5-a4fe-5159a187c293
69d962db-8bf2-4122-a42c-a708e1cc0cab,Turner,Yacobsohn,tyacobsohnt@t-online.de,182-997-6046,2020-01-17T13:07:38Z,2020-01-27T14:45:59Z,4747877b-fb7d-4ec1-b42d-6b8f8707c984
8f61f71f-2321-4365-a17d-8e808b3151d2,Ariel,Stower,astoweru@cbsnews.com,995-770-2052,2020-10-31T18:20:26Z,2020-12-03T19:24:36Z,f79a5736-1e58-436a-aca9-bc4cf21fef09
c0f02267-3aca-4878-a0f9-3fe516f9ec17,Esteban,Grievson,egrievsonv@merriam-webster.com,630-813-1942,2020-06-15T16:28:19Z,2020-08-14T17:43:20Z,131db634-55f8-4fb6-98f3-624ec32a94b8
e09e27fe-72e3-4359-809e-43acf4976f55,Shaina,Bragg,sbraggw@reddit.com,982-627-9006,2020-09-30T04:49:47Z,2020-12-17T07:33:38Z,b75f3aaf-a993-400a-af77-389c1d1187a9
4115e7da-5892-4eef-9f39-705626158c7f,Dorena,Fogg,dfoggx@trellian.com,293-265-0730,2020-12-07T07:32:16Z,2021-03-05T08:36:51Z,71aa45c1-ce05-43b5-a52a-6145ab435c69
48ebf150-7cb7-4358-a5ef-1a2b0aa831b9,Minni,Costa,mcostay@paginegialle.it,487-811-6882,2020-04-19T22:23:35Z,2020-05-21T00:40:56Z,db3e2e70-32f5-4f13-8302-63127ca0e3a8
525d85ad-6277-4500-9701-9afbf9785ad3,Christina,Hargrave,chargravez@tumblr.com,943-971-8497,2020-07-04T00:39:20Z,2020-09-01T02:59:36Z,7ae529bf-b9d0-47ee-acd0-d55e0e6a0d32
89dd1d56-f177-4b28-86c8-b7d1beeff4a8,Kelsi,Lubbock,klubbock10@pbs.org,742-409-9513,2020-03-24T05:54:49Z,2020-04-27T06:05:58Z,7e949772-ab43-447f-a79d-3707a1793ed0
489039b3-4092-4ed0-9065-b87573c26f21,Sterling,Bande,sbande11@cpanel.net,898-928-8566,2020-12-26T22:51:34Z,2021-03-10T00:27:34Z,b3315b61-f1a6-4dbc-b08b-d65b38aa6f77
96ca8e55-2cbd-4c9b-9540-ff0ac6309797,Chaddy,Lowdiane,clowdiane12@flickr.com,228-161-8846,2020-01-19T12:54:22Z,2020-03-23T14:26:20Z,27b514cc-7ff4-4451-b1ba-27bb2f5011c8
c4f8645d-471d-4c3b-aa5c-dd2f30115669,Homere,Lovelace,hlovelace13@163.com,290-500-3569,2020-04-10T06:11:22Z,2020-04-16T07:14:35Z,47e8e06d-0612-4af0-89ed-48deafa4857a
78955b0f-6e77-44d6-89b5-18097afb0580,Sibeal,Sykes,ssykes14@statcounter.com,443-170-6318,2020-11-03T07:56:55Z,2021-02-04T08:17:42Z,02331e89-1736-4f12-85b9-ddd62545214b
c42fc8e5-9ab6-4fbf-84bf-40ff309bf24c,Chloette,Crosfield,ccrosfield15@bizjournals.com,271-532-1961,2020-03-03T10:14:43Z,2020-04-25T12:11:55Z,71aa45c1-ce05-43b5-a52a-6145ab435c69
78fe6452-8a56-4226-ae22-f372116b12ff,Elroy,Shimman,eshimman16@flickr.com,981-137-8844,2020-04-05T08:19:42Z,2020-07-06T09:28:29Z,632eadda-3e81-492c-8108-d5982aeac84d
48fd8fef-ef87-4609-aac6-a8495b2feb50,Washington,Shearer,wshearer17@mail.ru,545-220-4390,2020-01-19T12:49:10Z,2020-02-16T12:52:34Z,edd6e563-bce1-4c84-859d-31cae681f40b
5951d1d2-614e-4557-a2de-8298a1e4b179,Marla,Kipling,mkipling18@engadget.com,361-311-1881,2020-04-21T05:15:31Z,2020-04-24T05:20:05Z,541b6c57-e5f2-4da7-baed-755e425a04d4
62c29c95-e8ec-4b77-a7fa-550820017bff,Cecilius,Lezemere,clezemere19@flavors.me,408-172-4230,2020-09-14T15:00:43Z,2020-11-27T17:34:20Z,4a9bcc05-a07b-4507-9d42-a2325a4844fa
20e2eaa5-e8b9-4675-bc3b-11c048b060d9,Sari,Sibbs,ssibbs1a@drupal.org,733-820-7326,2020-11-21T00:16:31Z,2020-12-30T02:11:47Z,118d2c47-6c92-44b3-a52a-c58dac57adf2
0babae9e-2656-4dcb-b454-47d88d47c920,Anthony,Kinnane,akinnane1b@edublogs.org,381-895-7460,2020-10-18T13:52:20Z,2020-12-31T14:55:20Z,e6572a36-e4ae-4daa-8c05-692490c310a1
db41a6d4-70fc-43b1-82a5-393b46a2bdfa,Tiebout,Josefs,tjosefs1c@wordpress.org,753-709-5477,2020-08-31T01:19:00Z,2020-10-01T03:31:16Z,2c7bd191-c7c9-45d3-9dd0-612320bd9817
d165b2ff-dfe1-40d0-bda0-a25e82b95870,Monro,Alyukin,malyukin1d@printfriendly.com,531-398-6461,2020-12-05T13:59:20Z,2021-02-06T15:06:15Z,280bb1a8-d59e-4ada-b479-a4d47163130e
5555f2b6-d408-419f-aa60-22c0f0440f50,Eb,Presland,epresland1e@rediff.com,284-253-2664,2020-04-08T20:25:35Z,2020-06-14T22:18:30Z,cdc9b750-8081-441d-9905-339732cbdc4a
dbc936d7-51da-4dfa-9dd9-7ce399b466df,Zita,Pengelley,zpengelley1f@statcounter.com,622-392-9926,2020-07-07T08:51:55Z,2020-07-11T10:24:52Z,02331e89-1736-4f12-85b9-ddd62545214b
2a6f290c-40f8-4705-89d9-e8aeb6a4fa7b,Darren,O'Sheerin,dosheerin1g@com.com,600-138-0137,2020-12-21T03:44:13Z,2021-03-05T06:12:05Z,ed96dbd0-193e-4906-ae8b-904f50bcb57a
2816d806-e7b2-4721-a197-a60bd3082f35,Catie,Grelik,cgrelik1h@webeden.co.uk,695-724-4222,2020-10-23T22:33:32Z,2020-12-31T23:04:33Z,fb0c8410-558a-4a65-bc50-6f82c32c7d1a
8d8916e6-9820-49aa-bde8-8657dcfa7395,Corbet,Vella,cvella1i@samsung.com,959-739-2416,2020-10-31T18:23:33Z,2021-01-15T18:28:14Z,23f4d3fc-7192-44eb-a1c6-c3d93eed0a42
1550e197-9073-408e-a1ca-08f9dbac7f7a,Mark,Drezzer,mdrezzer1j@shareasale.com,809-351-2382,2020-04-08T09:09:17Z,2020-06-11T10:14:20Z,1a61a755-cf38-43cd-be0d-7babfe8aaa26
48c5ab18-4e44-40cb-8776-a19da0a86ffa,Yanaton,Jerrard,yjerrard1k@printfriendly.com,545-551-5883,2020-11-16T18:26:26Z,2020-12-18T18:53:50Z,d3dfe1e5-6826-49fe-9bfb-ef1022a20520
cf7fec7a-ccca-4f66-9b3f-137d89a4a5ce,Roy,De Simone,rdesimone1l@sun.com,753-688-7731,2020-07-16T15:31:01Z,2020-10-23T16:05:32Z,e40b6557-536e-478e-a405-eed9959aa9f7
e0d9d6a2-d95a-4c56-b2df-654eca4d3bae,Dorey,Sleep,dsleep1m@harvard.edu,245-980-2405,2020-05-18T23:26:12Z,2020-07-17T02:10:41Z,dfe1082c-cb08-497f-9af9-9a7cf0aa70b5
d1f08820-32e6-4a31-abba-5aa533bc15a9,Alie,Blumson,ablumson1n@pinterest.com,210-173-2831,2020-12-18T11:46:04Z,2021-01-26T13:04:54Z,42e017a2-ca97-4f71-bf3c-d32605ef9d43
9cfa05e2-606b-4080-8bac-96e3986f1704,Joshuah,Silson,jsilson1o@infoseek.co.jp,169-893-0670,2020-08-11T19:02:42Z,2020-10-19T19:53:00Z,e71bd22e-7711-405f-9d7e-2a7824d68a6a
b60b4bf2-44e4-4232-902b-79a50d448f8b,Izak,Joule,ijoule1p@delicious.com,278-429-1961,2020-01-19T05:01:40Z,2020-04-19T06:37:21Z,4da64e4e-655c-4fbe-bee2-3eb1014ace1b
c9d5048d-4879-4c2f-865f-3a971f3eea4e,Carie,Elcoux,celcoux1q@zimbio.com,812-545-8408,2020-07-16T12:39:03Z,2020-07-22T15:22:20Z,f785f0ae-f5d7-49a8-a4b7-95b470f7cb63
1690815f-a96f-4f41-af89-bde6e90ad560,Lorne,Kesley,lkesley1r@yale.edu,130-905-6508,2020-06-07T22:33:48Z,2020-07-08T23:51:35Z,957af504-cee3-4f3a-8f5a-eb5a5bd23b16
ee92f1cf-3bcf-4cea-a8d4-ac5ce812de46,Antonina,Rennick,arennick1s@census.gov,443-971-9075,2020-05-25T11:06:42Z,2020-07-20T12:58:23Z,959fc946-4baf-457f-8290-2a7d0e7fc3f7
e93257ac-2915-409b-a527-f8d5a089f155,Wells,Pothbury,wpothbury1t@nih.gov,645-862-5365,2020-08-17T17:58:26Z,2020-10-25T18:38:30Z,96a40097-0030-4509-bb52-b3251fdef2b6
1fada2e4-1018-48f1-84dc-802dc99171fe,Cherida,Winkell,cwinkell1u@zdnet.com,508-469-7243,2020-10-12T15:24:08Z,2020-12-19T15:41:24Z,2ccdea45-e41c-4845-8252-50c2f568e0db
366bd18f-6a16-4f39-9177-080c11ce9f25,Janaya,Fennelly,jfennelly1v@altervista.org,527-802-6122,2020-11-14T09:11:15Z,2020-12-24T09:30:12Z,44f03e5e-c121-44dd-80e2-b2d18860d57a
19ac513f-b77e-4808-ade4-284ece721d91,Inez,Perone,iperone1w@google.it,810-259-4812,2020-03-03T11:46:07Z,2020-06-06T13:37:40Z,91cdd4ef-b40f-48e0-b2f3-95b8620955eb
f9178203-61c0-4597-9070-6dc453ada601,Ofilia,Noods,onoods1x@usgs.gov,867-669-4707,2020-10-24T02:39:20Z,2021-01-02T03:23:37Z,d502f2e1-d34c-4b82-9834-15e50ab41a1b
30a46555-66f8-4dd3-946f-dacc9bd6d0c2,Jilleen,Mazonowicz,jmazonowicz1y@blogspot.com,442-383-3334,2020-09-28T18:31:06Z,2020-11-18T19:05:00Z,bffd2205-2234-4d52-8ec6-60ca76d18cf0
5faf7aa9-ca1a-44b6-bc00-5954bc39cc91,Roderich,Tacey,rtacey1z@adobe.com,524-924-2441,2020-10-21T21:20:52Z,2021-01-27T23:27:06Z,ea7dd7ad-1905-4873-9890-f1aa90439a29
b84e37bd-016f-4bd7-ab63-0ba81c57ea9a,Alexandros,Burrell,aburrell20@marketwatch.com,626-616-5850,2020-02-06T15:04:31Z,2020-04-27T16:54:44Z,68a5c312-2205-45ec-ace1-166ff3f4b572
a49a996a-10c4-4a7c-8f87-421c0d5209b9,Atalanta,Brodley,abrodley21@imdb.com,416-264-1505,2020-11-17T05:59:34Z,2021-01-22T06:07:37Z,47e8e06d-0612-4af0-89ed-48deafa4857a
4d3c9f53-0667-4a80-8259-12200fe75761,Beale,Daudray,bdaudray22@marketwatch.com,489-628-5623,2020-04-20T03:34:43Z,2020-04-25T05:59:42Z,874cd4e2-37d0-4e30-9773-0f9dcfa26838
520baa4f-ee70-420b-96c9-37e3c4238f43,Val,Varsey,vvarsey23@prnewswire.com,523-696-5217,2020-06-27T15:21:37Z,2020-07-23T16:25:54Z,4d9d28c3-6e38-48e7-9960-f244a3e72d9d
b6b40cce-8d02-4fe5-8bee-5eadbcb56a01,Izaak,Down,idown24@dedecms.com,378-881-4300,2020-02-17T09:50:47Z,2020-04-17T11:31:07Z,c9a6e260-e379-4b26-a36d-cf97e0eb03bc
f47ac0f5-2afa-4e71-8328-bd881947159b,Hermine,Schimke,hschimke25@nationalgeographic.com,240-364-2403,2020-05-08T23:00:37Z,2020-07-07T01:27:00Z,4934ebb8-8950-4bd0-87ba-a1532716e54d
b49e6c79-09ad-41b2-9ed6-44570f83a3f8,Enoch,Cobbe,ecobbe26@google.nl,897-964-5162,2020-12-17T06:42:34Z,2021-01-15T08:47:42Z,7986bf80-2ce5-4fac-8e06-fc6db16dd2d9
2f0a3789-41ac-4732-bf29-b3ea5f4ed831,Finley,Markie,fmarkie27@github.io,580-899-5634,2020-07-27T00:38:22Z,2020-07-29T01:10:11Z,b8f77f86-d46a-412a-9dce-7b458a34618d
7be40e37-7a40-40ce-81c8-a5048c8befb1,Kalle,Roo,kroo28@naver.com,305-998-4341,2020-10-12T16:44:44Z,2021-01-04T17:28:50Z,96a40097-0030-4509-bb52-b3251fdef2b6
c4706c3b-a72a-4a8e-8a54-55c6b0238f86,Jeni,Reary,jreary29@tripod.com,347-811-6953,2020-08-21T00:26:58Z,2020-08-26T02:25:18Z,96a40097-0030-4509-bb52-b3251fdef2b6
96aa719e-c5a3-4645-ba89-16c304fb59b0,Silvia,Kennan,skennan2a@creativecommons.org,902-299-4393,2020-11-01T03:59:52Z,2020-12-24T06:18:18Z,f2dfb1e6-43bf-49ac-8d17-e1498079e08b
79bdfd27-a0a7-4e4f-9d75-0c12c72ce7f1,Dorette,Thayre,dthayre2b@nationalgeographic.com,490-905-1942,2020-03-30T23:14:57Z,2020-05-30T01:34:28Z,cdc9b750-8081-441d-9905-339732cbdc4a
6aff561d-fbd9-4130-8242-8b9073cc3a03,Franz,Ladon,fladon2c@gov.uk,463-641-7980,2020-05-21T04:43:50Z,2020-07-20T04:59:29Z,2466034c-a22b-4b0e-95af-2d34160779bc
2bfd97fc-be3c-4137-8996-b44907a368d2,Paulita,Dictus,pdictus2d@chron.com,792-890-2241,2020-11-23T11:00:57Z,2020-12-14T13:08:00Z,3a286955-76c1-4b50-b5fc-61e4e4e3be4d
bf7367be-d029-4255-81a1-3a295eeb9c56,Grenville,Petroff,gpetroff2e@jalbum.net,236-525-7056,2020-06-23T14:03:13Z,2020-08-12T16:16:55Z,2ccdea45-e41c-4845-8252-50c2f568e0db
eafe1c71-6ae0-4add-b9d9-34d9c5d00c50,Gayla,Stiell,gstiell2f@nationalgeographic.com,482-479-5696,2020-02-15T12:59:09Z,2020-02-22T14:30:37Z,9b6a4ed6-6c27-4102-8d5f-5db7435e80ee
5f9b23fe-4253-4677-8ecd-1b27366a5830,Fredra,Backshill,fbackshill2g@ox.ac.uk,819-228-6044,2020-05-16T19:05:58Z,2020-08-15T21:04:04Z,609af927-16f8-450a-ade4-1e06724e9feb
6b116938-3785-4983-a5d7-33f6af32f0ba,Dorothee,Freeland,dfreeland2h@opera.com,326-159-9706,2020-09-27T13:44:47Z,2020-12-07T13:53:43Z,2b514c51-d01b-4d26-be99-4a1fa99bf322
44b36e47-f501-4328-9df5-927222167a3d,Grete,Aspenlon,gaspenlon2i@disqus.com,466-696-6099,2020-05-07T02:01:09Z,2020-06-10T03:23:12Z,e71bd22e-7711-405f-9d7e-2a7824d68a6a
7f89df2d-6f1e-4f67-83a1-40d2b8ec56b0,Theodora,Baldwin,tbaldwin2j@umn.edu,178-832-6419,2020-03-01T11:38:17Z,2020-05-30T12:07:11Z,56078786-b8da-47a0-8a7c-befda74f8cd8
65b34b30-f96d-4230-b595-0c7c249de7e5,Even,Schofield,eschofield2k@cmu.edu,531-355-5927,2020-03-25T13:10:02Z,2020-04-29T13:19:00Z,d3dfe1e5-6826-49fe-9bfb-ef1022a20520
6875a4d9-cdc6-43bc-a700-f6916e049e46,Wynny,Heinecke,wheinecke2l@ebay.com,256-504-1704,2020-06-24T21:08:10Z,2020-08-23T21:24:37Z,f2dfb1e6-43bf-49ac-8d17-e1498079e08b
d78268b1-7168-49f4-8f6f-db436afb5a6f,Zondra,Geydon,zgeydon2m@tiny.cc,478-501-0337,2020-05-10T20:00:26Z,2020-07-20T22:43:36Z,71c60b11-0457-40c4-91ca-b86e0631f1eb
7193aa74-ca9f-4769-b290-a817bd2e4266,Rollins,Guarnier,rguarnier2n@fc2.com,661-360-3106,2020-09-15T00:32:57Z,2020-10-31T01:37:22Z,ea7dd7ad-1905-4873-9890-f1aa90439a29
4dae48a6-8206-46eb-b629-fec4a99306ec,Cordell,Joiris,cjoiris2o@home.pl,599-156-0844,2020-07-07T19:58:24Z,2020-09-23T22:13:25Z,957af504-cee3-4f3a-8f5a-eb5a5bd23b16
ae9e2ae5-5044-4006-b83d-a3475530025e,Stanton,Divers,sdivers2p@msu.edu,830-974-4111,2020-10-12T15:27:33Z,2020-12-06T16:49:54Z,dfc2941f-aef1-4c70-a7f6-8105dda578f5
edbbae4b-6354-4a0b-9d43-d74c3f67b5de,Ed,Kollaschek,ekollaschek2q@tuttocitta.it,288-504-3014,2020-07-01T10:48:32Z,2020-08-12T11:18:40Z,c9a6e260-e379-4b26-a36d-cf97e0eb03bc
6f0c43cb-42af-45e0-83ae-f0ed3b4e2e8e,Lusa,Conklin,lconklin2r@prweb.com,481-851-6396,2020-08-19T22:55:10Z,2020-09-19T23:03:31Z,2aaf2e91-8735-4def-82ca-31dce98ff634
b3367c91-53bd-4aac-ab6d-0a596fe382c2,Klement,Esposi,kesposi2s@twitter.com,364-546-7274,2020-09-10T01:29:05Z,2020-10-24T01:52:23Z,a81e134c-8135-44ab-bda4-66b29e5175ca
f36630d8-e3d9-4e23-acc0-ffd86e661c26,Skippie,Zanetto,szanetto2t@miibeian.gov.cn,390-470-2417,2020-09-05T22:08:58Z,2020-12-10T23:41:08Z,3a286955-76c1-4b50-b5fc-61e4e4e3be4d
17c49262-1f0c-46d1-a6ba-bacc19f08a86,Jacobo,Limer,jlimer2u@webeden.co.uk,633-889-7859,2020-08-11T21:20:35Z,2020-09-07T22:26:14Z,a81e134c-8135-44ab-bda4-66b29e5175ca
6cf2751f-d815-4fbc-b04a-245c1301574c,Cordie,Finey,cfiney2v@constantcontact.com,795-164-6766,2020-06-06T18:28:24Z,2020-07-30T19:06:28Z,d502f2e1-d34c-4b82-9834-15e50ab41a1b
6d37adeb-4c53-4167-b170-c89e4bd1764a,Giuseppe,Lamb,glamb2w@soundcloud.com,818-387-7153,2020-01-08T03:21:05Z,2020-04-16T03:53:53Z,b3db1ec9-17b7-4b15-8f04-b2077048f428
2d90a679-c85d-4299-86dd-2319424fcc15,Margareta,McCart,mmccart2x@nature.com,154-207-6444,2020-01-13T22:12:46Z,2020-03-28T23:47:23Z,89ab3752-1119-4f9e-9766-0d6883501434
f37282a8-5c04-44bb-a9e6-fe9ed2eed6e2,Queenie,Goodin,qgoodin2y@jiathis.com,323-547-6616,2020-10-08T17:41:16Z,2020-10-25T18:51:39Z,f2dfb1e6-43bf-49ac-8d17-e1498079e08b
7025daf6-54d9-44be-8282-7923def85169,Ulrika,Van Oort,uvanoort2z@lycos.com,296-486-1570,2020-02-25T08:15:01Z,2020-04-27T10:19:33Z,4d9d28c3-6e38-48e7-9960-f244a3e72d9d
2c696f6a-3988-4cdb-a9a0-5c464e2ce19a,Lexine,Josefson,ljosefson30@parallels.com,475-726-5577,2020-03-28T23:39:41Z,2020-06-20T02:21:52Z,027e0a9d-2bb0-4247-8989-365339741a93
8af678e5-c051-4ca2-88f3-4c903d77a3f6,Yehudi,Connaughton,yconnaughton31@canalblog.com,680-757-2743,2020-11-15T22:02:22Z,2021-01-26T00:16:07Z,ec7b6cfc-530f-40ed-bfa5-e3caa3b7ecbe
6514b5a0-6388-4940-b6db-ed6f4e010ad5,Pegeen,Brezlaw,pbrezlaw32@csmonitor.com,142-118-3385,2020-08-20T23:10:14Z,2020-10-07T00:13:01Z,1ceb9167-9852-45a7-8109-57b077d8a2e0
68e0c8f7-9546-42ed-b327-f67debec10cf,Tymon,Slayny,tslayny33@cbc.ca,929-867-2031,2020-04-14T08:50:54Z,2020-05-10T09:14:48Z,aa61ded6-4588-48dd-9759-1bd36ec5d787
baaf00b6-da56-44af-8c70-97269472e6f3,Margalo,Tampen,mtampen34@squidoo.com,342-867-8012,2020-06-27T05:49:59Z,2020-07-22T06:52:21Z,24b83ef4-4f28-408a-bea9-171ddaf094a7
bbe518c7-5ea8-444e-acef-6c18be8336bc,Urbanus,Holborn,uholborn35@e-recht24.de,994-257-0814,2020-09-25T04:55:55Z,2020-10-22T05:45:17Z,47e8e06d-0612-4af0-89ed-48deafa4857a
ac8cea7f-30b1-498d-8baa-d5ea2b32d138,Christen,Stonman,cstonman36@meetup.com,818-288-9094,2020-03-27T16:43:07Z,2020-06-09T16:55:42Z,25caf41f-ca5a-4cbb-bc2c-b5d9fcebe66b
707a74bd-593f-4bdc-85e3-b8ff6b538399,Maribel,Dodshon,mdodshon37@kickstarter.com,995-857-7646,2020-03-25T02:32:25Z,2020-04-23T02:54:43Z,8b7e7226-a1e0-4fbf-a0a9-60c38d3e3347
63b87683-1c30-49e0-86f0-54d00b32052f,Eveline,Frays,efrays38@google.com,762-260-4960,2020-12-07T16:22:46Z,2021-02-19T16:42:33Z,23f4d3fc-7192-44eb-a1c6-c3d93eed0a42
1e06f0d8-776e-4309-92ec-f9f54d1d1679,Tricia,Bleakman,tbleakman39@archive.org,110-825-5215,2020-05-30T21:58:28Z,2020-06-17T00:33:17Z,a4fbed7c-7bdd-465d-bdcd-ab0c4c68f300
85362f90-0066-4b3b-b0d5-2e919acda80d,Millisent,Skerritt,mskerritt3a@cam.ac.uk,611-405-9278,2020-04-27T06:55:41Z,2020-06-07T07:12:29Z,4934ebb8-8950-4bd0-87ba-a1532716e54d
6cbe0665-0001-43b3-98af-7cd3909b1b28,Jermain,Louth,jlouth3b@altervista.org,546-362-8647,2020-08-08T10:59:36Z,2020-08-28T13:32:00Z,f79a5736-1e58-436a-aca9-bc4cf21fef09
7c11eccd-15a9-4b87-875e-b84f39dfe3d6,Paulo,Wittke,pwittke3c@un.org,840-771-9891,2020-01-11T18:28:01Z,2020-01-30T18:40:48Z,56078786-b8da-47a0-8a7c-befda74f8cd8
60bc96e0-dcf5-438d-8e11-7ab3f6ac6e96,Floyd,Vinck,fvinck3d@samsung.com,961-585-2011,2020-09-09T17:09:47Z,2020-10-07T18:31:34Z,902bcb47-051b-4375-9dc0-485b3172b89b
97fec509-ddfd-468b-8c39-ece964fdbcf1,Leonora,Zwicker,lzwicker3e@intel.com,916-863-2724,2020-11-12T03:42:03Z,2020-11-15T05:28:49Z,994b670f-e529-4a97-9826-448f7f9fbf80
b8e0e25a-412e-4b8c-aaa2-eb1b46036424,Gabriell,Gilmore,ggilmore3f@yolasite.com,164-927-2391,2020-12-18T01:52:22Z,2021-03-08T02:13:00Z,957af504-cee3-4f3a-8f5a-eb5a5bd23b16
4136ab42-d31d-4f07-b3ef-6d63526b769b,Chris,Witcomb,cwitcomb3g@bloomberg.com,514-761-1957,2020-11-30T23:26:24Z,2021-01-18T01:46:46Z,dc7345f9-9c6b-45d5-a633-a07a4a355104
58367695-0c22-415d-9704-bd8f73bb2e8f,Eileen,Corness,ecorness3h@noaa.gov,116-219-3903,2020-03-13T04:24:53Z,2020-04-19T06:53:27Z,63260a1e-947f-42fe-b11f-12cea08830b6
376bc5b4-cb91-4fa3-9083-7dd7f1caa872,Engracia,Berthot,eberthot3i@columbia.edu,199-134-9973,2020-06-10T03:19:59Z,2020-07-06T04:16:47Z,959fc946-4baf-457f-8290-2a7d0e7fc3f7
e879df28-ff9c-4900-b99c-c769ec349316,Leelah,Guillot,lguillot3j@spotify.com,395-664-9207,2020-12-19T01:34:57Z,2021-03-10T03:58:54Z,dfe1082c-cb08-497f-9af9-9a7cf0aa70b5
93908a68-20b7-44ba-b6c1-6f4cc57d7726,Audrie,Tunno,atunno3k@t.co,360-272-8530,2020-03-28T05:23:54Z,2020-07-01T06:03:37Z,9285957a-e1fd-4205-960e-f739a9c7dfd2
5de439eb-6bc7-4fc2-ba0e-a3bf8a286d63,Ennis,Tulip,etulip3l@histats.com,653-493-4297,2020-06-28T01:50:24Z,2020-08-29T02:52:44Z,2ccdea45-e41c-4845-8252-50c2f568e0db